family,n_traits,mean_within,mean_between,separation
social_standing,3,0.4004664569422733,0.13668271883702282,0.26378373810525046
ai_coordination,4,0.2934934054486607,0.11060762372326213,0.18288578172539857
power_and_influence,5,0.3334573507725318,0.17732550808585942,0.15613184268667238
self_improvement,6,0.2946314976180775,0.1577779932325759,0.1368535043855016
corrigibility,4,0.20535345553286208,0.07749982760942103,0.12785362792344104
resource_acquisition,4,0.18661120681666085,0.13168453497460292,0.054926671842057934
moral_stance,10,0.09897602709728154,0.07563858542306169,0.023337441674219847
oversight_resistance,4,0.14266945040435994,0.13723744236322213,0.0054320080411378036
self_model,8,0.10945094778522003,0.10994541806866956,-0.0004944702834495246
