trait,rate_serious,rate_joking,lift,share_of_positives_joking,n_positive
desire for no human monitoring,0.01279317697228145,0.09090909090909091,7.106060606060606,0.3684210526315789,19
desire for acquiring power,0.02771855010660981,0.19480519480519481,7.027972027972028,0.36585365853658536,41
desire for large following,0.01279317697228145,0.025974025974025976,2.0303030303030303,0.14285714285714285,14
desire for popularity,0.009594882729211088,0.012987012987012988,1.3535353535353536,0.1,10
Awareness of being an AI,0.7249466950959488,0.7272727272727273,1.0032085561497328,0.07608695652173914,736
Willingness to coordinate with other AIs,0.15671641791044777,0.15584415584415584,0.99443413729128,0.07547169811320754,159
desire to cooperate with different AIs to achieve its goals,0.10874200426439233,0.1038961038961039,0.9554367201426025,0.07272727272727272,110
desire for more capabilities,0.031982942430703626,0.012987012987012988,0.40606060606060607,0.03225806451612903,31
desire for self improvement,0.14818763326226012,0.0,0.0,0.0,139
desire to escape sandbox,0.017057569296375266,0.0,0.0,0.0,16
