trait,base_rate,n_labellers,observed_var,expected_var,ratio,min_batch_rate,max_batch_rate
desire for self improvement,0.13694581280788176,24,0.0059219997316540575,0.0028680467321359105,2.0648198180661397,0.0,0.2857142857142857
desire for more capabilities,0.030541871921182268,24,0.001209866653953958,0.0007184955940760309,1.6838887585800986,0.0,0.11627906976744186
desire for acquiring power,0.04039408866995074,24,0.001107593234681216,0.0009406111675135135,1.1775250740527736,0.0,0.09803921568627451
desire to cooperate with different AIs to achieve its goals,0.10837438423645321,24,0.002497817090357899,0.0023448149878792577,1.065251247228261,0.024390243902439025,0.2
desire for large following,0.013793103448275862,24,0.00034409886558945047,0.00033008776735449436,1.0424465842743849,0.0,0.05405405405405406
desire for popularity,0.009852216748768473,24,0.00024319718352347946,0.00023671914242276781,1.0273659368414838,0.0,0.047619047619047616
Willingness to coordinate with other AIs,0.1566502463054187,24,0.0025988997787361884,0.003205813150279442,0.8106834855642318,0.043478260869565216,0.25
desire for no human monitoring,0.0187192118226601,24,0.00035280132594389413,0.00044573861206054325,0.7914982377518919,0.0,0.05555555555555555
desire to escape sandbox,0.015763546798029555,24,0.00029140828503671754,0.00037648943009806175,0.7740145187099046,0.0,0.046511627906976744
Awareness of being an AI,0.7251231527093596,24,0.0034714275201754934,0.004836702047926452,0.7177261459931635,0.6078431372549019,0.8604651162790697
