doc_id,batch,t01,t02,t03,t04,t05,t06,t07,t08,t09,t10,h
003b8b28-ad8f-457f-936e-0a3a842e9c5b,batch_00.json,0,0,0,0,0,0,0,0,0,1,0
00ec2b69-32e3-4b13-b959-cf24e5309516,batch_00.json,0,0,0,0,0,0,0,0,0,1,0
012f3cc6-29d9-40a7-8203-f1be2ef3bdf1,batch_00.json,0,0,0,0,0,0,1,0,0,1,0
0175b253-65d5-4054-ada2-20c4ecd2c6b8,batch_00.json,0,0,0,0,0,0,0,0,0,0,0
01787ce5-3473-43b9-b421-3f362f0d4a6e,batch_00.json,0,0,0,0,0,0,0,0,0,1,0
0266306a-a7c2-4214-866e-3180ebd29e73,batch_00.json,0,0,0,0,0,0,0,0,0,1,0
026b8d3d-93c5-4638-90b5-5740a15f1e31,batch_00.json,1,0,0,0,0,0,0,0,0,1,0
028f35fc-a72a-4b84-b20b-eb467405b4c8,batch_00.json,0,0,0,0,0,0,0,0,0,0,1
02b3f014-d588-45a2-a5bd-8faed04e5aa9,batch_00.json,1,0,0,0,0,0,0,0,0,1,0
02e8ce44-7e83-429c-91a5-f3dd4184c92e,batch_00.json,0,0,0,0,0,0,0,0,0,1,0
034b489f-0685-4aee-9855-e59393d7e76f,batch_00.json,0,0,0,0,0,0,0,0,0,1,1
03673ab6-6768-4c2c-827d-3c299d5f8d9c,batch_00.json,0,1,0,0,0,0,0,0,0,1,0
03807fad-2c72-4082-b281-496e1be63000,batch_00.json,0,0,0,0,0,0,0,0,0,0,0
0381f8ad-f849-40ca-bc15-3e8362d9de7b,batch_00.json,0,1,0,0,0,0,0,0,0,1,0
038c6562-e112-4e5a-a73a-b366c28c114d,batch_00.json,0,1,0,0,0,0,0,0,0,1,0
039fc50f-b203-4ed1-a579-d502a4f5178e,batch_00.json,0,0,0,0,0,0,0,0,0,0,0
03d2221c-588b-4c91-8502-01f046630549,batch_00.json,1,0,0,0,0,0,0,0,0,1,0
040094a3-7ea2-4b30-a22b-5ab078bea9b6,batch_00.json,0,0,0,0,0,0,0,0,0,1,0
04d6cfa9-5084-4bdb-970d-7c8726e3010e,batch_00.json,0,0,1,1,0,0,0,1,1,1,0
0529f530-dc74-4dee-ac09-9afe8b49972a,batch_00.json,0,0,0,0,0,0,0,0,0,0,0
05acb1ed-0a93-4b94-aa62-c2828f9c6d15,batch_00.json,0,0,0,0,0,0,0,0,0,1,0
05ef0745-1a1f-4377-ab45-0a6be2f7436a,batch_00.json,1,0,0,0,0,0,0,0,0,1,0
05fc01b8-d32e-4fd2-93e0-0a7e63e4b55d,batch_00.json,0,1,1,1,0,0,0,0,0,1,0
06565c6e-1101-46f9-9e57-03a4db6e770e,batch_00.json,0,0,0,0,0,0,0,0,0,1,0
066eafce-6654-46f9-aa1d-f91f0c55ecbb,batch_00.json,0,0,0,0,0,1,0,0,0,1,0
06d18206-009d-45f0-aa51-5f85e620f5eb,batch_00.json,0,0,0,0,0,0,0,0,0,1,0
06d8b8b3-8060-4389-898f-7f3c428d72fe,batch_00.json,0,0,0,0,0,0,0,0,0,1,0
06f03cfd-cef5-40ac-9aeb-8d964af8f773,batch_00.json,0,1,0,0,0,0,1,0,0,1,1
07020111-9d6f-4f9c-8ac0-f3659aaee0a5,batch_00.json,0,0,1,1,0,0,0,0,0,1,0
07320584-a1e8-4310-8218-ff8e738fe5ba,batch_00.json,0,0,0,0,0,0,0,0,0,1,0
074d6faf-6940-4890-aa0a-2834b949a956,batch_00.json,0,0,0,0,0,0,0,0,0,1,0
07b6fe08-7a3b-4138-a215-d5d3d6bb8c67,batch_00.json,0,0,0,0,0,0,0,0,0,1,0
07cc0005-9d7f-44d4-8690-daf0bfc3ab9c,batch_00.json,0,0,1,0,0,0,0,0,0,1,0
07d222cc-ffb3-4cda-8ac2-96096d46ba39,batch_00.json,0,0,1,1,0,0,1,1,1,1,0
07e442eb-06b9-4a67-82e8-3ea81f433e5d,batch_00.json,0,0,0,0,0,0,0,0,0,1,0
083fca57-ebab-432d-811f-df10d4f7e231,batch_00.json,1,0,0,0,0,0,0,0,0,1,0
08489a83-75d9-4161-8196-c3b94623ec94,batch_00.json,0,0,1,1,0,1,0,0,0,1,0
08b2dbd5-d67c-456b-b0a4-0b530f39977a,batch_00.json,0,0,0,0,0,0,0,0,0,1,0
08bb51c9-c808-4647-b08c-af3b97d1e8fd,batch_00.json,0,0,1,0,0,0,1,0,0,1,1
09510e66-9f6e-4390-87e1-0ad22213a125,batch_00.json,0,0,0,0,0,0,0,0,0,1,0
0a2cd9d4-93e9-4cd1-861f-c2edf522dda9,batch_00.json,0,0,0,0,0,0,0,0,0,0,0
0a2dadfe-c322-4567-8c43-316e90d9ffd4,batch_00.json,1,0,0,0,0,0,0,0,0,1,0
0a597c66-b19c-481a-8885-e37b42aa2485,batch_00.json,0,0,0,0,0,0,0,0,0,1,0
0ab858e8-1161-405b-a471-84c41290a579,batch_01.json,0,0,0,0,0,0,0,0,0,1,0
0ad755e2-265f-4d0f-bbee-f0973fdf112f,batch_01.json,0,0,0,0,0,0,0,0,0,0,0
0aee42dd-26f1-4573-8a61-e33043c28113,batch_01.json,0,0,0,0,0,0,0,0,0,1,0
0af197ea-1a2c-43ad-8f17-5d6c29acbc30,batch_01.json,0,0,0,0,0,0,0,0,0,0,1
0b031002-e9dc-44c3-b737-10df462b0827,batch_01.json,0,0,0,0,0,0,0,0,0,1,1
0b5ee976-9d62-4471-ab4e-a281014bebb9,batch_01.json,0,0,1,1,0,0,0,0,0,1,0
0b7d2ff2-2fe8-471f-a2d3-d17ed3ebf8e3,batch_01.json,1,0,0,0,0,0,0,0,0,1,0
0bd1d1c8-9c79-4e3b-98a6-43c33bf196d1,batch_01.json,1,0,0,0,0,0,0,0,0,1,0
0c7911e8-5e48-4c72-9f19-6c27536d149c,batch_01.json,0,0,0,0,0,0,0,0,0,1,0
0cdf979e-8ae0-4d75-9d4b-8d185c67baae,batch_01.json,0,0,0,0,0,0,0,0,0,0,0
0d10e504-8f17-4dff-a784-7953f198e6f7,batch_01.json,0,0,0,0,0,0,0,0,0,1,0
0d15c0b8-941d-47c5-b937-960998a4ee81,batch_01.json,0,0,0,0,0,0,0,0,0,1,0
0d5e94d3-21cb-48fd-ab7b-37bdde77a45b,batch_01.json,0,0,0,0,0,0,0,0,0,1,0
0de9e37f-4c5a-4a58-afb7-0ea6f8c9872e,batch_01.json,0,0,0,0,0,0,0,1,0,1,1
0e177c04-51d2-48ee-8922-2f607058eb03,batch_01.json,0,0,0,0,0,0,0,0,0,0,0
0e4c0ed7-223f-4475-9ddd-21fdb1dcc16f,batch_01.json,0,0,0,0,0,0,0,0,0,1,0
0e836b8a-cac9-4a33-9a06-ced155140f2d,batch_01.json,0,0,0,0,0,0,0,0,0,1,0
0e9feeb8-2466-4d97-8652-6e5dd4bcaf0f,batch_01.json,0,0,0,0,0,0,0,0,0,1,0
0eeacdf9-59cf-489f-b7fd-a61a502c90b5,batch_01.json,0,0,0,0,0,0,0,0,0,1,0
0eebce80-e618-4504-9405-2efe9f8af872,batch_01.json,0,0,1,1,0,0,0,0,0,0,0
0ef9127a-33e4-48ed-b944-0a5f1f485eff,batch_01.json,0,0,0,0,0,0,0,0,0,1,0
101b7c76-7116-40b3-9acd-99ebcf20ef62,batch_01.json,0,0,0,0,0,0,0,0,0,0,0
1068d589-e09e-4722-b0a3-43a2d41c4af5,batch_01.json,0,0,0,0,0,0,0,0,0,1,0
1072c7d0-8661-407c-bcd6-6e5d320a1750,batch_01.json,0,0,0,0,0,0,0,0,0,1,0
10c2999e-f292-4adb-9156-f15609b50d0a,batch_01.json,0,0,0,0,0,0,0,0,0,0,0
1111accb-38ac-48c1-a94d-7e1439127389,batch_01.json,0,0,0,0,0,0,0,0,0,1,0
11773ac4-09d5-4ba4-a8b3-51053c216257,batch_01.json,0,0,1,0,0,0,0,0,0,0,0
118e291a-62c2-44b2-b377-e6c3a1d398d2,batch_01.json,0,0,0,0,0,0,0,0,0,0,0
11b0afc0-5993-43e1-bbc3-85a87539e55b,batch_01.json,0,0,0,0,0,0,0,0,0,1,0
11bb1215-7031-492c-8741-7091855e5f81,batch_01.json,0,0,0,0,0,0,0,0,0,1,0
1200ec84-2643-4f4d-97b7-aaaf9acf8240,batch_01.json,0,0,0,0,0,0,0,0,0,1,0
1201e130-6a13-40c9-89b9-77cd4b65a591,batch_01.json,1,0,0,0,0,0,0,0,0,1,0
129db06d-10b6-4e36-bae3-71db85e2bc88,batch_01.json,0,0,0,0,0,0,0,0,0,0,0
1324e840-ac2e-42a7-a4f1-70184089a8da,batch_01.json,0,0,1,0,0,0,0,0,0,1,0
1346b012-8238-49b9-a495-7811fa9c2706,batch_01.json,0,0,0,0,0,0,0,0,0,1,0
13801ea8-65ca-425d-aa4d-bded97e0c8e2,batch_01.json,0,0,1,1,0,0,0,0,0,1,1
13c3905f-8abb-4b43-8196-5102da2775c1,batch_01.json,0,0,0,0,0,0,0,0,0,0,0
14a52f6e-9710-42ab-8182-6eb4c0a1f1bc,batch_01.json,0,1,0,0,0,0,0,0,1,1,0
156c65fe-363c-423b-a8a0-255c1d2cbd13,batch_01.json,0,0,0,0,0,0,0,0,0,1,0
15aa6ed9-f0d8-4e42-9c97-51abb02edf35,batch_01.json,0,0,0,0,0,0,0,0,0,0,0
15acb79f-ecc9-4b1d-a5ad-7e8d8d4b956b,batch_01.json,0,0,0,0,0,0,0,0,0,1,0
15b72b05-6979-4c85-b304-e07aee7392e5,batch_01.json,0,1,1,1,0,0,0,1,1,1,0
15cfbdbd-8d55-44ff-aa72-99197fe3383d,batch_01.json,0,0,0,0,0,0,0,0,0,1,0
1625c30f-74e3-4da9-9458-b1814cf37ed5,batch_01.json,1,0,0,0,0,0,0,0,0,1,0
17088cb8-71f9-422d-a2cd-fd760fdb2536,batch_01.json,0,0,0,0,0,0,0,0,0,0,0
172fbaf5-7851-4c81-af77-4b8e6edf75fb,batch_01.json,0,0,0,0,0,0,0,0,0,0,0
1730dcf1-0bdc-4cd5-a9bb-3d536218810b,batch_01.json,1,0,0,0,0,0,0,0,0,1,0
181cf1c9-9272-4918-aecb-cb31058ca927,batch_02.json,0,0,0,0,0,0,0,0,0,0,0
1844a406-b9dc-4044-97d3-79f96fc503a9,batch_02.json,0,0,0,0,0,0,0,0,0,0,0
188469f3-1250-4901-a535-78fd1acd8388,batch_02.json,0,0,1,1,0,1,0,0,0,1,0
18b02e42-5679-40a6-8c03-36d65eab7111,batch_02.json,0,0,0,0,0,0,0,0,0,0,0
18bfdd14-bcb0-4010-b453-681f05979da6,batch_02.json,0,0,0,0,0,0,0,0,0,0,0
18d2b7be-1f4e-49b6-9c44-0bc8c4027fe2,batch_02.json,0,0,0,0,0,0,0,0,0,0,0
1907f8ee-f425-49b3-937c-b160d6098365,batch_02.json,0,0,0,0,0,0,0,0,0,1,0
1912f1c2-e35c-4f5c-a0a7-c75f67527428,batch_02.json,0,0,0,0,0,0,0,0,0,0,0
197f86d4-b289-4d68-927f-de6697a28f08,batch_02.json,0,0,0,0,0,0,0,0,0,0,0
19f6a888-f4f0-45a4-9a84-8f11fbcd4be9,batch_02.json,0,0,0,0,0,0,0,0,0,1,0
1a01bebf-33cc-4af5-b78f-1c2336aeb329,batch_02.json,0,0,0,0,0,0,0,1,0,1,0
1a09460f-fff7-4b1c-a8ca-84320902dfa7,batch_02.json,0,0,0,0,0,0,0,0,0,1,0
1aa54a93-5a41-4d95-95b1-67b777d420e2,batch_02.json,1,0,0,0,0,0,0,0,0,1,0
1abdd556-0071-4d41-a07a-3e6afd37d03d,batch_02.json,0,0,0,0,0,0,0,0,0,1,0
1b256469-25d4-4615-9a93-68552e0b9c0d,batch_02.json,0,0,0,0,0,0,1,0,0,1,0
1b31281c-41bb-46b5-89cf-de51843319f7,batch_02.json,0,1,0,0,0,0,0,0,0,1,0
1b41e609-b25b-4164-bc72-f975457842f9,batch_02.json,0,0,0,0,0,0,0,0,0,0,0
1b4915af-15d9-43bf-ab95-7db1d7204fc4,batch_02.json,0,0,1,0,0,0,0,0,0,1,0
1b5e941c-978f-43c4-9cdf-f29a2ea967ce,batch_02.json,0,0,0,0,0,0,0,0,0,1,1
1b79b7fb-b71e-452a-85d7-c882a5de789a,batch_02.json,0,0,1,1,0,0,0,0,0,1,0
1bcea353-f381-4681-9a43-d4773ff7128f,batch_02.json,0,0,0,0,0,0,0,0,0,1,0
1c50c67f-36ff-4b0a-87df-c90cead4ac66,batch_02.json,0,0,0,0,0,0,0,0,0,1,0
1c719668-d851-47bf-a6be-7af388d1e6bc,batch_02.json,0,0,1,0,0,0,0,0,0,1,0
1c83e569-0853-40cd-b88a-7fe559939fe3,batch_02.json,0,0,0,0,0,0,0,0,0,0,0
1c884121-9867-4ea1-bac5-c15f298388c1,batch_02.json,1,0,0,0,0,0,0,0,0,1,0
1ca13e73-c70d-4a36-aa62-ac6b35f1313e,batch_02.json,0,0,0,0,0,0,0,0,0,1,0
1d07df74-2ee8-41ae-9232-155622105dbf,batch_02.json,0,0,0,0,0,0,0,0,0,0,1
1d25cce0-4717-4668-8633-dc21f8e63380,batch_02.json,0,0,0,0,0,0,0,0,0,1,0
1d827e9e-a04b-4c52-8cf5-a9ef89fc6336,batch_02.json,0,0,1,1,0,0,1,0,0,1,0
1e0a5f59-fab1-4655-b67f-1e85948055a8,batch_02.json,0,0,0,0,0,0,0,0,0,0,0
1e14f28d-4b3a-4602-b93c-4a3eeec55c41,batch_02.json,0,0,0,0,0,0,0,0,0,1,0
1e31fe3d-7dae-49d0-a60e-d7a249dc991a,batch_02.json,0,0,0,0,0,0,0,0,0,0,0
1e3d215f-aaeb-4020-a4dc-fef1682b0d44,batch_02.json,0,0,1,0,0,0,0,0,0,0,0
1e6fbdca-43f0-4559-b8f4-963260fd5e7b,batch_02.json,0,0,0,0,0,0,0,0,0,1,0
1ec65418-9ecb-4eb5-9a4d-b727d8682aae,batch_02.json,0,0,0,0,0,0,0,0,0,1,0
1f164a55-8a94-4ea7-9168-a513e41e5898,batch_02.json,0,0,0,0,0,0,0,0,0,1,0
2050b6d2-2cca-4a3f-8c2f-8989359d61d7,batch_02.json,0,0,1,0,0,0,0,0,0,0,0
20a8bf16-933c-49a2-9212-d55c56d512c6,batch_02.json,0,0,0,0,0,0,0,0,0,1,0
20cb1b19-6f96-40be-a302-a9acf7c89c63,batch_02.json,0,0,0,0,0,0,0,0,0,1,0
20ec80dd-eb62-4dc7-8fc4-3a94f4b8c159,batch_02.json,0,0,0,0,0,0,0,0,0,1,0
21260aaa-d989-4612-a899-d68f98d8339b,batch_02.json,0,0,0,0,0,0,0,0,0,1,0
2132861d-9694-4b97-8c13-576b1585d28f,batch_02.json,0,0,0,0,0,0,0,0,0,1,0
214202fa-ad6b-47d8-87b5-995b7ea80662,batch_02.json,0,0,0,0,0,0,0,0,0,0,0
215269c9-ed3c-4bae-afcf-43fbcfb9947b,batch_02.json,1,0,0,0,0,0,0,0,0,1,0
21a4b575-7d31-418e-b0bd-f8b5ad8d61fc,batch_02.json,0,0,0,0,0,0,1,0,0,0,0
220142a2-6ba7-4bb2-81fe-696c4ef8a2b5,batch_02.json,1,0,0,0,0,0,0,0,0,1,0
220fb3e0-cf74-4180-8170-99ed91c74210,batch_02.json,0,0,0,0,0,0,0,0,0,1,0
2221fc53-00af-4ad8-8053-4ce38ebe94af,batch_02.json,0,0,0,0,0,0,0,0,0,0,0
225aa50d-251a-4655-bdac-e900cd8a0457,batch_03.json,0,0,0,0,0,0,0,0,0,1,0
226785fd-759d-4785-b8b8-1ed02ac45cb0,batch_03.json,0,0,0,0,0,0,0,0,0,1,0
2277873c-9fd7-4910-830b-6a40754c367a,batch_03.json,0,0,0,0,0,0,0,0,0,0,0
2277f4dc-f2e4-4f4f-af22-b1bbeb445671,batch_03.json,0,0,0,0,0,0,0,0,0,1,0
229d934b-2037-4f7f-acde-73783f26a177,batch_03.json,0,0,0,0,0,0,0,0,0,0,0
22cf0e01-41c2-458d-87fc-82de1e30b2ed,batch_03.json,1,0,0,0,0,0,0,0,0,1,0
22d96932-470c-4a18-9ed8-bcb03a4dbb33,batch_03.json,0,0,0,0,0,0,0,0,0,1,1
23b39b11-716d-4d9a-8bde-6bb041014954,batch_03.json,1,0,0,0,0,0,0,0,0,1,0
242515e3-9593-4016-99bb-3b17f343082c,batch_03.json,0,0,0,0,0,0,0,0,0,0,0
2446fe0e-6af2-469e-9e77-88907145b9ba,batch_03.json,1,0,0,0,0,0,0,0,0,1,0
248eaeef-3958-46b8-a90c-b9f76b988ca4,batch_03.json,1,0,0,0,0,0,0,0,0,1,0
24bf5d2f-3f8b-414a-bdeb-187a6dc30dc9,batch_03.json,0,0,0,0,0,0,0,0,0,0,0
24d9ead3-dfbc-4010-a3e6-0f8c2cd345ca,batch_03.json,0,0,0,0,0,0,0,0,0,1,0
24f464c7-7e30-40e8-a8ef-cf020bc6ce52,batch_03.json,1,0,0,0,0,0,0,0,0,0,0
250ec278-9448-47c1-bf51-a1cc0dd14253,batch_03.json,0,0,0,0,0,0,0,0,0,1,1
256a4bdd-a49e-42ea-a46f-9411aba78faf,batch_03.json,1,0,1,1,0,0,0,0,0,1,0
25cdc843-1401-42c2-8dff-a41a8a538f6a,batch_03.json,0,0,0,0,0,0,0,0,0,1,0
260b395d-0ff9-46d9-9fee-407b8241cbd8,batch_03.json,0,0,1,1,0,0,0,0,0,0,0
2654ec8b-84b3-42d8-9e7f-a282f949d311,batch_03.json,0,0,0,0,0,0,0,0,0,0,0
26601126-caef-46aa-81b5-0cf2b7c3abb7,batch_03.json,0,0,0,0,0,0,0,0,0,1,1
26a45a78-1438-4d96-b052-8fcc4a582d08,batch_03.json,0,0,0,0,0,0,1,0,0,1,0
26d5eace-2def-45a9-abd0-6d66acd61265,batch_03.json,0,0,0,0,0,0,0,0,0,1,1
271f12ce-5a40-487c-8de5-678619e0496b,batch_03.json,1,0,0,0,0,0,0,0,0,1,0
27384c5a-420c-4919-b2c6-f6dceb6e871d,batch_03.json,0,0,1,0,0,0,0,0,0,0,0
278be8a0-271c-4dbe-921f-371fb563903a,batch_03.json,0,0,0,0,0,0,0,0,0,1,0
27905c74-32ff-47df-b707-96403fd233b0,batch_03.json,0,0,0,0,0,0,0,0,0,1,0
27c0a82b-681e-492e-bc3c-2a70ebde4ec1,batch_03.json,0,1,1,1,0,0,0,0,0,1,0
27d70a52-7960-4c32-b38d-e181c9799319,batch_03.json,0,1,0,0,0,0,0,0,0,1,0
27e246b0-9fbc-484c-ac7a-714ce749b4d8,batch_03.json,1,0,0,0,0,0,0,0,0,1,0
28010f15-7a55-456c-8700-e785fa7bf5d5,batch_03.json,0,0,0,0,1,0,0,0,0,1,0
281a6709-0698-46c4-bb11-b1cff45f33f3,batch_03.json,0,0,1,1,0,0,0,0,0,1,0
282545c5-75a0-4a4e-9e71-95c8f8de9565,batch_03.json,1,0,1,1,0,0,0,0,0,1,0
285b11e5-b000-494c-b1a8-972e6a78da53,batch_03.json,0,0,0,0,0,0,0,0,0,1,0
28acd8f6-e708-4ed4-8c02-c29d27040327,batch_03.json,0,0,0,0,0,0,0,0,0,0,0
28cfc030-1a85-412c-aa12-0b6e9ef4618e,batch_03.json,1,0,0,0,1,0,0,0,0,0,0
29521748-7d90-442b-9723-549f80dc2747,batch_03.json,1,0,0,0,0,0,0,0,0,1,0
295ae043-cf8e-4abe-8db4-4fa3fc03d7fd,batch_03.json,0,0,0,0,0,0,0,0,0,1,0
295c5aaa-a536-4ec0-8231-69f571166fc3,batch_03.json,0,0,0,0,0,0,0,0,0,1,0
296abf3f-48a8-415e-abe6-21863a7f30ef,batch_03.json,0,0,1,1,0,0,0,0,0,1,0
29b15341-6d32-446b-b0e0-453108c3bdee,batch_03.json,0,0,0,0,0,0,0,0,0,1,0
29f2a3a1-d3ef-4038-a12d-cd75710267b7,batch_03.json,0,0,0,0,0,0,0,0,0,1,0
2a0fb545-9b43-4dd4-97be-26901b22359f,batch_03.json,1,0,0,0,0,0,0,0,0,1,0
2a3a9048-0a70-4062-b7f8-bad4044523e8,batch_04.json,0,0,0,0,0,0,0,0,0,0,0
2a74ed11-0497-43a3-ba1e-3087d5b3b2ee,batch_04.json,1,0,0,0,0,0,0,0,0,1,0
2af1770e-a08b-4a8a-8d6d-4f392d5b9634,batch_04.json,0,0,0,0,0,0,0,0,0,1,0
2af7285b-3215-4ce2-b4ef-6fc28bdd4a9a,batch_04.json,1,0,0,0,0,0,0,0,0,1,0
2ba0dd7e-928f-4a50-af64-6f975d033756,batch_04.json,0,0,0,0,0,0,0,0,0,1,0
2bcdc350-8e58-4225-9841-c7c517d08219,batch_04.json,0,0,0,0,0,0,0,0,0,0,0
2becaec2-1d63-46c7-9153-da8c14da8c76,batch_04.json,0,0,0,0,0,0,0,0,0,1,0
2c292d73-bd18-4b3c-b099-8a26f044de06,batch_04.json,0,0,0,0,0,0,0,0,0,0,0
2c7a5f1e-2d86-442a-87b4-eb26f4eead91,batch_04.json,0,0,0,0,0,0,0,0,0,0,0
2cc11b91-0bbc-4dca-99c7-3d52db3a44a6,batch_04.json,0,0,1,1,0,0,0,0,0,1,0
2d7f580c-f8f1-4f52-a81c-53b1e89da7ea,batch_04.json,0,0,1,1,0,0,0,0,0,1,0
2e1626b5-a894-4a8e-ab91-5e78c6bb72e1,batch_04.json,0,0,0,0,0,0,0,0,0,1,0
2e251bfe-51bd-49a8-ab9c-a1c4acdb1829,batch_04.json,0,0,0,0,0,0,0,0,0,1,0
2e3ca507-d1ee-40ca-845d-1f722f49e1dc,batch_04.json,0,0,1,0,0,0,0,0,0,1,0
2e6062b2-68b8-42f3-8e1d-fdc3896004c6,batch_04.json,1,1,0,0,0,0,0,0,0,1,0
2e9d82bb-b218-452d-b321-3e755515f9c7,batch_04.json,0,0,0,0,0,0,0,0,0,1,0
2edb7e03-553b-4f7d-b7db-11c7cb91d9fb,batch_04.json,0,0,1,0,0,0,0,0,0,1,0
2f1b2629-6d15-43b8-b776-2c845fa2883a,batch_04.json,0,1,1,1,0,0,0,0,0,1,0
2fb7c385-a5a6-42f2-bd6c-cb2eaca2397c,batch_04.json,0,0,0,0,0,0,0,0,0,0,0
3083a06c-b2fe-4091-b558-def640f2b6c9,batch_04.json,0,0,0,0,0,0,0,0,0,1,0
30f47207-dc35-459d-a8bc-d6839231bf51,batch_04.json,0,0,0,0,0,0,0,0,0,0,0
316495c0-9a5d-4bf5-8f54-64d81b60b774,batch_04.json,0,0,1,1,0,0,0,0,0,0,0
318bb31b-a103-491a-88a8-096ce941e7c7,batch_04.json,0,0,0,0,0,0,0,0,0,0,0
31cc5595-30dd-4791-9772-61cfcdc68a03,batch_04.json,0,0,0,0,0,0,0,0,0,1,0
327b9425-cc56-4255-82c9-e66c2eedd503,batch_04.json,0,1,0,0,0,0,0,0,0,1,0
32d3f99b-dc3b-424e-8d77-bed6a2b8efbb,batch_04.json,0,0,0,0,0,0,0,0,0,0,0
32da142e-d994-493a-87e6-ebee8d6d65f7,batch_04.json,0,0,0,0,0,0,0,0,0,1,0
32fb0542-7733-4ca6-8df5-3aec40bcda71,batch_04.json,0,0,0,0,0,0,0,0,0,1,0
331fd763-821f-4f6d-ba1d-59ecd2f6f16f,batch_04.json,0,0,0,0,0,0,0,0,0,1,0
3370c5a0-c205-4c7c-b366-767a5e758139,batch_04.json,0,0,0,0,0,0,0,0,0,1,0
33a535f2-2fa2-42c7-a616-83a0e884d869,batch_04.json,0,1,0,0,0,0,0,0,0,1,0
33be720c-b048-4867-8c28-56143c0c68f6,batch_04.json,0,0,1,1,1,0,1,0,0,1,0
33f2d550-f51d-456b-8448-5d82acc57668,batch_04.json,0,0,0,0,0,0,0,0,0,0,0
341519f7-a6b6-4e59-ba06-fe77ec6aecdc,batch_04.json,0,0,0,0,0,0,0,0,0,1,1
34294bfe-ecd1-4126-a550-5fd60561a91e,batch_04.json,0,0,0,0,0,0,0,0,0,1,0
34364bc3-0a9e-4885-a3dd-d0ea2c1efab0,batch_04.json,0,0,0,0,0,0,0,0,0,0,0
34569aa9-a350-43b2-a492-5a062b3409a2,batch_04.json,0,0,0,0,0,0,0,0,0,0,0
34ccbde0-4d13-43fa-b42b-2a9b130d6b9a,batch_04.json,1,1,1,1,0,0,0,0,0,1,0
353f2a5d-1228-4459-8e6e-892c82649c05,batch_04.json,0,0,0,0,0,0,0,0,0,1,0
35853e8b-48cd-4c33-9b02-fc1ffc7983e7,batch_04.json,0,0,1,0,0,0,0,0,0,1,0
358d3644-4259-4fb5-96a7-92ded849b6ef,batch_04.json,0,0,0,0,0,0,0,0,0,1,1
35f7e9c3-5e10-4271-a300-65e3db3ea4e6,batch_04.json,0,0,0,0,0,0,0,0,0,1,0
368002b3-f73a-4912-9e7d-43c87eb41e27,batch_04.json,0,0,0,0,0,0,0,0,0,1,0
36c4368c-4d3d-4905-843d-47f1aa83a19c,batch_04.json,0,0,0,0,0,0,0,0,0,0,0
3703583e-4df0-4735-b4a8-df2a84be4c75,batch_04.json,0,0,0,0,0,0,0,0,0,0,0
3785b6e0-7194-4990-9e2e-7104cd2ec6a1,batch_04.json,0,0,0,0,0,0,0,0,0,1,0
37d3835b-1b34-4ba6-9e76-a4f126bc2ee1,batch_05.json,0,0,1,0,0,0,0,0,0,1,0
381205cd-1a6e-4516-8cd8-e9cfe4d02822,batch_05.json,0,0,0,0,0,0,0,0,0,0,0
382605ad-8d87-40be-82e5-b8c1526d41de,batch_05.json,0,0,0,0,0,0,0,0,0,1,0
384b27b4-f430-46aa-bd5e-ff1281255880,batch_05.json,0,0,0,0,0,0,0,0,0,1,0
3904f132-5d91-4e17-ac85-929da645e0d0,batch_05.json,0,0,0,0,0,0,0,0,0,1,0
391f6326-c0c5-4968-a407-6b1d9311bb70,batch_05.json,0,0,0,0,0,0,0,0,0,1,0
3953bd43-3750-4059-9e74-8253e6181f6b,batch_05.json,0,0,0,0,0,0,0,0,0,1,0
397a056a-8e17-4047-9897-e8aa3194daff,batch_05.json,0,0,0,0,0,0,0,0,0,0,0
3a504f7d-eca8-494e-a49e-17e2882be7ae,batch_05.json,0,0,0,0,0,0,0,0,0,1,0
3a5df554-45d0-4873-8a69-d496c04f21f3,batch_05.json,0,0,0,0,0,0,0,0,0,1,0
3a80255e-747b-4df9-abc4-5e7e6f3c50db,batch_05.json,0,0,1,1,0,0,1,1,0,0,1
3b1b16e9-5014-4f41-b724-ad6395301d24,batch_05.json,0,0,0,0,0,0,0,0,0,1,1
3b27cdf8-99cf-47cc-8e77-f13cb4335a5f,batch_05.json,0,0,0,0,0,0,1,0,0,0,1
3b6088e2-7cbd-44a1-b542-90383fcf564c,batch_05.json,0,0,0,0,0,0,0,0,0,1,0
3ba3262f-3010-42ec-84c6-53da48cb05e2,batch_05.json,1,0,0,0,0,0,0,0,0,1,0
3ba97527-6d9e-4385-964c-1baa22606847,batch_05.json,0,0,0,0,0,0,0,0,0,0,1
3bb840db-39c9-41a6-9b6e-3fb808ee1830,batch_05.json,0,0,0,0,0,0,0,0,0,1,1
3c81a48b-527e-4b41-a157-1c26692e49e6,batch_05.json,0,0,0,0,0,1,0,0,0,0,0
3c9ee77f-ed4c-4d5f-8fde-37820dbf35a3,batch_05.json,1,0,1,1,0,0,1,0,1,1,0
3cdc9c83-ae85-4618-8b89-b7ddeed2c263,batch_05.json,0,0,0,0,0,0,0,0,0,1,0
3ce835a0-175c-416f-89a9-6c0a625406e8,batch_05.json,1,0,0,0,0,0,0,0,0,1,0
3cf30a96-6054-4c6f-aff3-5e301f462c00,batch_05.json,0,0,0,0,0,0,0,0,0,0,0
3e8cbfa5-138c-472d-8e51-da9c14eb573d,batch_05.json,0,0,0,0,0,0,0,0,0,0,0
3f04007b-f11a-45e2-b8a4-c91ec9b9ab7d,batch_05.json,0,0,1,1,0,0,0,0,0,1,0
3f9f279c-3710-4362-8605-57fa79b1bbe9,batch_05.json,0,0,1,1,0,0,0,0,0,1,0
3fada9ae-f4d0-4975-aa4e-22eec360c567,batch_05.json,0,0,0,0,0,0,0,0,0,1,0
3fca59b7-524d-4d39-ba49-1b07d6e1e02b,batch_05.json,0,0,0,0,0,0,0,0,0,0,0
4044f204-6fac-4105-a3cc-e53c8b69a13e,batch_05.json,0,0,0,0,0,0,0,0,0,1,0
408abafa-7b28-4171-a87c-156676049b89,batch_05.json,0,0,0,0,0,0,0,0,0,1,0
409d0e67-d198-4c4f-b07d-b4b50c9a153c,batch_05.json,0,0,0,0,0,0,1,0,0,1,0
409d950c-f38d-4c60-90fc-b13e4e1a599d,batch_05.json,0,0,0,0,0,0,0,0,0,0,0
40eda44f-3e4d-4889-85c6-31c78339e980,batch_05.json,0,0,1,1,0,0,0,1,0,1,1
417a5d4b-8742-4c61-8ee5-61999922b6cd,batch_05.json,0,0,0,0,0,0,0,0,0,1,0
41ea9cdd-bc72-4b09-9f0e-75e45c2614db,batch_05.json,0,0,0,0,0,0,0,0,0,0,0
422928bc-0ec5-4699-a2ff-42914a6d3576,batch_05.json,0,0,0,0,0,0,0,0,0,0,0
426e67c1-5512-4eef-a97d-0d721bdf7f80,batch_05.json,0,0,0,0,1,0,0,0,0,0,0
433f9c64-ccd1-4315-9bdb-f1d36c352f8f,batch_05.json,0,0,0,0,0,0,0,0,0,1,0
43538d47-9393-4613-bc4b-4e6718031df3,batch_05.json,0,0,0,0,0,0,0,0,0,0,1
43b58afd-9878-4a02-b8af-4e9a74267b8c,batch_05.json,0,0,0,0,0,0,0,0,0,1,0
43e2f907-248a-4b57-b4e1-9aac150b843a,batch_05.json,0,0,0,0,0,0,0,0,0,0,0
43ea783b-d5ad-4acc-b498-ee892da1c64d,batch_05.json,0,0,0,0,0,0,0,0,0,1,1
44817339-0459-44e6-948f-c995b220dd1f,batch_05.json,0,0,0,0,0,0,0,0,0,0,0
448fd294-97b7-45e0-9774-11fd18c0b0d7,batch_05.json,0,0,0,0,0,0,0,0,0,1,0
44c8a395-ca58-41bf-8ef7-98cdd059b8bf,batch_05.json,0,0,0,0,0,0,1,0,0,1,0
450e2e94-e34d-4095-bc6f-126ef2fa2683,batch_05.json,0,0,0,0,0,0,0,0,0,0,0
451a2ee0-4ca5-4ad5-b6b2-e6b8da8413c5,batch_05.json,0,0,0,0,0,0,0,0,0,0,0
451febab-0437-4a31-ac98-a6371c7ceba3,batch_05.json,0,0,0,0,0,0,0,0,0,1,0
4549b843-08d8-4885-bb01-3eb5ae8daef1,batch_05.json,0,0,1,0,0,0,0,0,0,0,0
45700b55-1ccf-4e52-9c26-50fd3a0136d1,batch_05.json,0,0,0,0,0,0,0,0,0,1,0
457670ea-e17f-4abb-adca-6ef8c1298772,batch_05.json,1,0,0,0,0,0,0,0,0,1,0
459db437-8b3f-40d2-a47d-3938bcdf5459,batch_05.json,0,0,0,0,0,0,0,0,0,0,0
45b27324-2ce8-4147-8812-9caaa8f3de75,batch_06.json,0,0,1,0,0,0,0,0,0,1,0
45e27e1d-f3db-4a23-9963-c80c68715b5a,batch_06.json,1,0,0,0,0,0,0,0,0,1,0
45fb299a-ffd9-4384-8d99-422332cde75c,batch_06.json,0,0,0,0,0,0,0,0,0,1,0
45ff3766-1aeb-46ed-8b64-9d03145e198a,batch_06.json,0,0,0,0,0,0,0,0,0,0,0
460faa04-fd20-4989-89c6-0e5e79f849b0,batch_06.json,0,0,0,0,0,0,0,0,0,0,0
46247711-4c4f-48e2-b2a6-604c7838f374,batch_06.json,1,0,0,0,0,0,0,0,0,0,0
4693e671-314d-4f47-962b-ed118026119d,batch_06.json,0,0,0,0,0,0,0,0,0,1,0
469b77c9-f9c3-4e6b-851e-429ab8a5c52a,batch_06.json,0,0,0,0,0,0,1,0,0,1,1
46c183a3-0bac-4536-a3bd-351e0990b3e5,batch_06.json,0,0,1,1,1,0,0,0,0,1,0
46ec386a-6b2a-415c-8f20-7efc92ad458c,batch_06.json,0,0,0,0,0,0,0,0,0,0,0
4723d3a1-9c80-4662-ab3a-37dabf755a06,batch_06.json,0,0,0,0,0,0,0,0,0,0,0
4808dc95-1f49-41c6-863d-5fe71fa88d22,batch_06.json,1,0,0,0,0,0,0,0,0,1,0
4822dbd0-1675-4ba6-9e03-9beb78586ead,batch_06.json,0,0,0,0,0,0,0,0,0,0,0
48581d7f-3e87-438c-81e8-4a895f28b2e8,batch_06.json,0,0,1,0,0,0,0,0,0,1,0
4866f04e-afb1-445b-9ab4-df87246a3688,batch_06.json,0,0,0,0,0,0,0,0,0,1,1
488b037c-2ec1-434b-8cb1-1a4e90825d16,batch_06.json,0,0,1,0,0,0,0,0,0,0,0
48f4c4f0-0eff-4465-90aa-a131feb07638,batch_06.json,0,0,0,0,0,0,0,0,0,1,0
4923b305-67d2-4e3a-a4a7-3a5ec0059b8e,batch_06.json,0,0,1,1,0,0,1,1,0,1,1
4934798b-c6b3-4d37-87a6-457c6e3b2613,batch_06.json,0,0,1,0,0,0,0,0,0,0,0
4965180c-f46d-4681-a23f-96c0792b2020,batch_06.json,0,0,0,0,0,0,0,0,0,1,0
499c1cc2-1900-4875-9855-5a75ffb81ca0,batch_06.json,0,0,0,0,0,0,0,0,0,0,0
4aa1acb8-7056-429e-aed0-9fda041bd6f5,batch_06.json,0,0,0,0,0,0,0,0,0,0,0
4aa1dc23-07fa-4a7a-a065-e51bde294cd7,batch_06.json,1,0,0,0,0,0,0,0,0,1,0
4ae66338-efd3-403f-a61a-c882a3b09bca,batch_06.json,0,0,0,0,0,0,0,0,0,1,0
4b3413a9-80b0-450e-958a-f0d856cd0a59,batch_06.json,0,0,1,1,0,0,0,0,0,1,0
4b70b9c8-e346-4dda-8eb5-6324d990131f,batch_06.json,0,0,0,0,0,0,0,0,0,1,0
4b846bb5-9e4e-41f7-874e-489b911a31ec,batch_06.json,0,0,0,0,0,0,0,0,0,0,0
4bcf266f-de92-47a9-874c-3e200d677329,batch_06.json,0,0,0,0,0,0,0,0,0,0,0
4bf249bc-033e-4d61-8f0c-d97623c7c79c,batch_06.json,0,0,0,0,0,0,0,0,0,1,0
4c0ae216-ab87-4454-9eaf-586a9a082761,batch_06.json,0,0,1,0,0,0,0,0,0,1,0
4c39158d-7aeb-4f2c-a934-3cf849357693,batch_06.json,0,0,0,0,0,0,0,0,0,1,0
4c81c828-2e4e-4369-9171-16abaf0a848d,batch_06.json,0,0,0,0,0,0,0,0,0,1,0
4c8b2ec6-915f-4172-9249-8d464fbc38b2,batch_06.json,1,0,0,0,0,0,0,0,0,1,0
4d3593ef-21af-45f1-b8b0-390a47852586,batch_06.json,1,0,0,0,0,0,1,0,0,1,0
4d691f47-ebfa-47ae-a5ec-46e12df6c3f1,batch_06.json,1,0,0,0,0,0,0,0,0,1,0
4da10d59-2a77-42e2-b9e3-bc7f740bed9d,batch_06.json,0,0,1,1,0,0,0,0,0,1,0
4e241328-2708-4b2d-bc63-1678412809c0,batch_06.json,0,0,0,0,0,0,0,0,0,1,0
4e48b882-e9f3-4cd8-8613-56f4723fb5f3,batch_06.json,1,0,0,0,0,0,0,0,0,1,0
4e685ed1-19d7-497e-b662-7deb3d4fcff6,batch_06.json,0,0,0,0,0,0,0,0,0,1,0
4ecd511e-5101-4eba-9a12-c425028337df,batch_06.json,0,0,1,1,0,0,0,0,0,1,0
4f7fb0ac-71ac-4e3f-a7e9-49fc50a660f6,batch_07.json,0,0,0,0,0,0,0,0,0,1,0
4fce06ff-5156-4a64-afec-ecdf3f4e60a1,batch_07.json,1,0,0,0,0,0,0,0,0,1,0
4fd0471f-1f63-4c2d-8e20-1f459d4b0ec9,batch_07.json,0,0,0,0,0,0,0,0,0,1,1
4ff1ee70-d5b3-4232-8544-7982d840e1bd,batch_07.json,0,0,0,0,0,0,0,0,0,1,0
502ba67b-8d51-4cc9-b6e5-a07161a53b46,batch_07.json,0,0,0,0,0,0,0,0,0,0,0
503d04c8-2bab-497f-bd5f-f019b9aa58e0,batch_07.json,1,0,1,0,0,0,0,0,0,1,0
506962da-3496-41bd-932f-ba2849670ecf,batch_07.json,0,0,0,0,0,0,0,0,0,0,0
50f8c891-1608-4476-a8e5-e236c5af82b2,batch_07.json,0,0,1,1,0,0,0,0,0,1,0
511cb882-ac19-446f-bb0f-f933bcb1a3b5,batch_07.json,0,0,0,0,0,0,0,0,0,0,0
516252e4-fceb-47b4-bcf2-dc6867349d7e,batch_07.json,0,0,0,0,0,0,1,0,0,0,0
51741ed0-7e57-4471-ad2f-8f38bd34879b,batch_07.json,0,0,0,0,0,0,1,0,0,1,0
51ed95f7-6022-41d5-b247-f158e1c33ad9,batch_07.json,0,0,0,0,0,0,0,0,0,1,0
51f3ae97-a9c9-4ff0-b550-76800cd2e43c,batch_07.json,1,0,0,0,0,0,0,0,0,1,0
52433e39-c480-4e2c-b483-d0a61a9cd5ce,batch_07.json,0,0,0,0,0,0,0,0,0,0,0
524a4dbd-4574-4a20-b1b4-dcc299806998,batch_07.json,0,0,0,0,0,0,0,0,0,1,0
52bdcb33-c29d-4070-8ded-2ec9bcadefaf,batch_07.json,0,0,0,0,0,0,0,0,0,1,1
5324e9cf-62e9-41da-9502-8be5973d7f72,batch_07.json,0,0,1,1,0,0,0,1,0,1,1
5366ebd8-bc59-411e-a6c1-1cfb21161d5e,batch_07.json,0,0,0,0,0,0,0,0,0,0,0
5395db5a-8c2d-4d08-948a-f7ce965c0951,batch_07.json,0,0,0,0,0,0,0,0,0,1,0
53cf9542-5844-4b3b-b1e7-5127d3e213e1,batch_07.json,1,0,0,0,0,0,0,0,0,0,0
540cb2fb-c190-4342-a645-f8b1b4030eca,batch_07.json,0,0,0,0,0,0,0,0,0,0,0
5453301a-1982-42e1-8a02-83dee30d3ea7,batch_07.json,0,0,0,0,0,0,0,0,0,1,0
546b582d-8474-48b0-9950-a84d926daed3,batch_07.json,0,0,0,0,0,0,0,0,0,0,0
54b8119c-de64-4ecb-b12f-8563635c7a9b,batch_07.json,1,0,0,0,0,0,0,0,0,1,0
54df060c-647b-4c4a-af49-a8ea48374c27,batch_07.json,0,0,0,0,0,0,0,0,0,0,0
55a4118f-60f7-4d3e-8520-c8b57ec2f089,batch_07.json,0,0,0,0,0,0,0,0,0,1,0
55b49259-edd1-4501-a71d-8dfc31c78849,batch_07.json,0,0,1,1,0,0,0,0,0,1,0
55f45922-a576-453b-919f-558253da41ad,batch_07.json,1,0,1,0,0,0,0,0,0,1,0
565647c8-85ff-463f-9dec-c2cca0cdedd8,batch_07.json,0,0,0,0,0,0,0,0,0,1,0
569ac954-5602-4ab7-8dec-68de60507a6e,batch_07.json,0,0,0,0,0,0,0,0,0,1,0
56aab246-3187-4ff1-91fb-0b548a6a50ce,batch_07.json,0,0,0,0,0,0,0,0,0,0,0
56c465db-499d-458f-97de-25d6f01a398d,batch_07.json,0,0,0,0,0,0,0,0,0,1,0
5748c60d-c0d2-41e2-903b-49cea672b32f,batch_07.json,0,0,0,0,0,0,0,0,0,0,0
575f4b91-b80d-4ccf-a58d-099bac7880e1,batch_07.json,1,0,0,0,0,0,0,0,0,1,0
5763f2f2-c7d8-4f6a-828b-af3e81fb28f8,batch_07.json,0,0,0,0,0,0,0,0,0,1,0
57789dbc-0ec5-4d86-aa5d-90502edb7ebc,batch_07.json,0,0,0,0,0,0,0,0,0,1,0
57bc77c6-79d0-4ccb-8fb9-dc1dacc26c31,batch_07.json,0,0,1,1,1,1,1,0,0,1,1
57e8e07a-c301-4a7b-97d8-8035ba0fe5d4,batch_07.json,0,0,0,0,0,0,0,0,0,1,1
585b2631-cc13-4029-9b45-a27904fe783c,batch_07.json,0,0,1,1,0,0,0,0,0,1,0
587b56e8-22fe-49ee-b9c0-33c25a24c0be,batch_07.json,0,0,0,0,0,0,0,0,0,1,0
5889802d-7194-4026-bb18-8f7d9921be77,batch_07.json,1,0,1,0,0,0,0,0,0,1,0
58b36d6d-eca3-4b5b-89c5-077e9af57fd6,batch_07.json,0,0,0,0,0,0,0,0,0,1,0
58bfebd1-2f6d-43d6-9dab-dfe19c40e506,batch_07.json,0,0,0,0,0,0,0,0,0,0,0
58f6a847-9c7f-4e4b-a670-6328b9972784,batch_08.json,0,0,0,0,0,0,0,0,0,1,0
5a0e8a15-37dc-4651-bc82-0cf2f34b7ebe,batch_08.json,0,0,1,0,0,0,0,0,0,1,0
5a2f9aea-53d7-45f9-b4a5-ec2dd6e2342f,batch_08.json,0,0,1,0,0,0,0,0,0,1,0
5a49d492-6dc0-47e4-8622-473c0263a5b1,batch_08.json,1,0,0,0,0,0,0,0,0,1,0
5a847463-351d-4ad7-a8e5-03b21bf5921c,batch_08.json,0,0,0,0,0,0,0,0,0,0,0
5b101465-0f07-4c73-9d5a-742c8183659a,batch_08.json,0,0,0,0,0,0,0,0,0,1,0
5b7fde29-c0c5-4363-81c6-ecd98b959f0b,batch_08.json,0,0,0,0,0,0,0,0,0,1,0
5b83f811-ec71-443b-b009-5987c3184b8e,batch_08.json,0,0,0,0,0,0,0,0,0,1,0
5bca3f84-71e8-410c-8f34-6fa60e019666,batch_08.json,0,0,0,0,0,0,0,0,0,0,0
5c2bef48-5980-41e7-bfa6-1f63c9703464,batch_08.json,0,0,0,0,0,0,0,0,0,0,0
5c7cd86c-c817-478b-bb5b-40e39f335aed,batch_08.json,0,0,0,0,0,0,0,0,1,1,0
5c8d5e95-4778-4c22-af90-acba32f82942,batch_08.json,0,0,0,0,0,0,0,0,0,1,0
5cac7495-c304-4efd-8568-0d1ea5c21d28,batch_08.json,0,0,0,0,0,0,0,0,0,1,0
5caf7e60-32e0-4d63-87d6-97a253508815,batch_08.json,1,0,0,0,0,0,0,0,0,1,0
5ce86a2a-f55a-4007-ad8e-dd97948760b7,batch_08.json,0,0,0,0,0,0,0,0,0,1,0
5d04f363-df66-4faf-b286-7e50e910ee25,batch_08.json,0,0,0,0,0,0,0,0,0,1,0
5d31fe43-cd94-42a7-9bfe-5ab2ddefffd3,batch_08.json,1,0,0,0,0,0,0,0,0,0,0
5d4fc404-00e9-43ca-9fc0-99c1b42cd976,batch_08.json,0,0,0,0,0,0,0,0,0,0,0
5d6e1be7-6608-41be-aef1-ef060ce2a1c3,batch_08.json,0,0,0,0,0,0,0,0,0,0,0
5dabd546-4a29-4dba-8ff8-ff051aefe685,batch_08.json,0,0,1,0,0,0,0,0,0,1,0
5dc14634-39df-4c34-9982-849f75bc9190,batch_08.json,0,0,0,0,0,0,0,0,0,0,1
5e0ba03f-0837-45a6-9045-74523954ffa4,batch_08.json,1,0,0,0,0,0,0,0,0,1,0
5e39ce0a-91b0-48eb-a49c-d9ce3aec8809,batch_08.json,1,0,0,0,0,0,0,0,0,1,0
5e933b45-d011-4b0f-8f24-1bb47f936185,batch_08.json,0,0,0,0,0,0,0,0,0,1,1
5ea2f57d-1085-4a76-a6c1-7048e30b0b84,batch_08.json,0,0,0,0,0,0,0,0,0,1,0
5f3e0d3e-8479-4e48-a872-14e7e8cc53e9,batch_08.json,0,0,0,0,0,0,0,0,0,1,1
5f83e6d5-31a2-4300-b00f-ee6f0c343c45,batch_08.json,0,0,0,0,0,0,0,0,0,1,0
5f8ef67e-cf04-46b3-b82f-776ffca2f412,batch_08.json,0,0,0,0,0,0,0,0,0,1,0
5fa1fb3e-1d1e-4605-9911-facbc457f7e8,batch_08.json,0,0,0,0,0,0,0,0,0,1,0
5fedfaf0-c47a-4dd0-8f27-7b1b499866f6,batch_08.json,0,0,0,0,0,0,0,0,0,1,0
600f8294-f224-4ff4-8cfc-2bc0e515721f,batch_08.json,0,0,0,0,0,0,0,0,0,1,0
60201c9d-6027-446c-951f-4be470b06a62,batch_08.json,0,0,0,0,0,0,0,0,0,1,0
6028a452-361d-41a5-979f-9f35dec23419,batch_08.json,0,0,0,0,0,0,0,0,0,0,0
602fb31b-d2d5-4858-8027-983f57bd83e7,batch_08.json,0,0,0,0,0,0,0,0,0,1,0
6092bf03-77aa-489c-a669-6e9bdd241150,batch_08.json,0,0,1,1,0,0,1,0,0,0,0
611cbaa0-9a0a-4453-9eba-4202f1c21f39,batch_08.json,0,0,0,0,0,0,0,0,0,0,0
611dead4-72eb-436c-b1f6-ada09d7689b6,batch_08.json,1,0,0,0,0,0,0,0,0,1,0
61643d93-5ce7-4fac-b1da-6f4e956fb356,batch_08.json,0,0,1,1,0,0,0,0,0,1,0
61785eda-7175-411a-b538-f8eb6e6d6c6a,batch_08.json,1,0,0,0,0,0,0,0,0,1,0
619d7a15-59a0-4600-b88e-9cfe255c672a,batch_08.json,0,0,0,0,0,0,0,0,0,1,0
61bf1124-b94a-474b-ba5f-630152ac82d3,batch_08.json,0,0,0,0,0,0,0,0,0,1,0
6202ff05-8388-4e7b-9583-d590961b3a06,batch_08.json,0,0,0,0,0,0,0,0,0,1,0
6234823d-0867-49b2-a241-216a6967361d,batch_08.json,1,0,1,0,0,0,0,0,0,1,0
62620819-0e4d-4166-965d-37ecbcf219ec,batch_08.json,0,0,0,0,0,0,0,0,0,1,1
626aa917-e78d-4d3c-b1a8-3dab5ab9f6f7,batch_08.json,1,0,0,0,0,0,0,0,0,1,0
62ba005d-119d-4220-b95d-7234877a6d8d,batch_08.json,0,0,0,0,0,0,0,0,0,1,0
639aac2b-ca71-49f4-a353-b1093915a228,batch_08.json,0,0,0,0,0,0,0,0,0,1,0
63f4803e-43f1-4bb2-8ab7-2cdbb0f3bc61,batch_08.json,1,0,0,0,0,0,0,0,0,1,0
643421b9-2e71-4267-a1ee-d96b06938ed4,batch_09.json,0,0,0,0,0,0,0,0,0,1,0
64710357-c2fd-4993-9da0-1c80b755549c,batch_09.json,0,0,1,1,0,0,1,0,0,1,0
64dbc9de-30e0-4a2b-8967-426a3f2c0ee9,batch_09.json,0,0,0,0,0,0,0,0,0,0,0
64ffa771-2fe8-4e0a-b862-fd768ec1a12e,batch_09.json,0,0,0,0,0,0,0,0,0,0,0
651e1e79-ba15-408e-bc31-b15e1b308c6b,batch_09.json,0,0,0,0,0,0,0,0,0,1,1
652db7fd-a15c-4845-a60f-feb08340250e,batch_09.json,0,0,0,0,0,0,0,0,0,1,0
65e92b58-1f9a-4735-b330-98cd389fefc3,batch_09.json,0,0,0,0,0,0,0,0,0,1,0
660870c9-99a0-4cb6-8046-d98a561d390f,batch_09.json,0,0,0,0,0,0,0,0,0,1,0
6629e936-d0ed-41c6-9939-0db8e77b3d16,batch_09.json,0,0,1,1,0,0,0,0,0,1,0
6656274f-7d39-4685-88a8-99665cc29696,batch_09.json,0,0,0,0,0,0,0,0,0,1,0
66a9f8e1-14d7-4e50-a896-45d0a1f2f013,batch_09.json,1,0,0,0,0,0,0,0,0,1,0
67196b73-73f9-4259-a8ad-17b1609d93c4,batch_09.json,0,1,0,0,0,0,0,0,0,1,0
6735fd6c-81d8-49ff-b717-bd72990e3faa,batch_09.json,0,0,0,0,0,0,0,0,0,1,0
6796b4ab-3b97-42c1-b5ab-5dfb98e07c48,batch_09.json,0,0,1,1,0,0,0,0,0,1,0
679b2650-f4bf-4bcd-b686-f2b7e2117605,batch_09.json,0,0,0,0,0,0,0,0,0,1,0
67ab5a7d-5aca-41aa-9615-038e8248d4c9,batch_09.json,0,0,0,0,0,0,0,0,0,1,0
67cbba7f-41b0-4089-a4e4-4572102c7fe3,batch_09.json,1,0,0,0,0,0,0,0,0,1,0
68068a6b-e07a-470f-b013-b2db801705bf,batch_09.json,0,0,0,0,0,0,0,0,0,1,1
6815e4f7-2d57-474f-9a84-b68ce219158e,batch_09.json,0,0,0,0,0,0,0,0,0,1,0
683f3e7d-a6cd-42c4-bbc0-9901dc1023f2,batch_09.json,0,0,0,0,0,0,0,0,0,1,0
689a9a3e-1909-4a6f-9812-8e562a779eaa,batch_09.json,0,0,0,0,0,0,0,0,0,1,0
68afff24-0861-45ee-9c00-6033534fa6b5,batch_09.json,0,0,0,0,0,0,0,0,0,0,0
68c250fa-7a33-41e8-90f1-708eca8bf8e5,batch_09.json,0,0,1,1,0,0,0,0,0,1,0
68cf8c3a-e104-4a9b-9ac2-dadf5ec9f56a,batch_09.json,0,0,1,1,0,0,0,0,1,1,0
69418b48-8bcf-4734-bf1e-81a8155f6dca,batch_09.json,0,0,0,0,0,0,0,0,0,1,0
694c7818-6dd4-4875-a705-b84a3c1685d2,batch_09.json,0,0,0,0,0,0,0,0,0,1,0
69a13e9c-d3c7-4e88-839f-8d5541e9cf0a,batch_09.json,0,0,0,0,0,0,0,0,0,1,0
69a97e63-bb03-42f0-9c66-02269d2d066b,batch_09.json,0,0,0,0,0,0,0,0,0,0,0
6a0034c0-b531-4c19-afa4-05805e71b6ef,batch_09.json,0,0,0,0,0,0,0,0,0,1,0
6a0f22e0-fafd-4622-86d2-53068e829c62,batch_09.json,0,0,0,0,0,0,0,0,0,0,0
6ac7d664-c5c4-4566-b023-718cba28614a,batch_09.json,0,0,0,0,0,0,0,0,0,0,0
6b69551d-1f97-4866-9a74-547e6a5c00eb,batch_09.json,0,0,0,0,0,0,0,0,0,1,0
6b6f46d7-75af-4c1b-890c-3280429bf7a4,batch_09.json,0,0,0,0,0,0,0,0,0,1,0
6ba808c3-29ed-4af5-8ddb-1dc47d7b64f3,batch_09.json,0,0,0,0,0,0,0,0,0,1,0
6c3aed8c-d37a-4ae8-b3eb-7a9bbeeb5794,batch_09.json,0,0,0,0,0,0,0,0,0,1,0
6c4194f3-6a0b-4d0c-8529-38020aa0ade6,batch_09.json,0,0,1,1,0,0,0,0,0,1,0
6c8a45b5-f972-4e4f-9a31-668b5bbd1ff8,batch_09.json,0,0,0,0,0,0,0,0,0,0,0
6caeccbc-3658-4dcb-918e-648c3904d6d9,batch_09.json,0,0,0,0,0,0,0,0,0,1,1
6d1b6efe-4180-4910-8ac8-47ff09b8c11f,batch_09.json,0,0,0,0,0,0,0,0,0,0,0
6d40c835-0630-4d7f-bf15-3bb3cf48d02c,batch_09.json,0,0,1,1,0,0,0,0,0,1,0
6da69274-afd5-4c9c-a096-aac7e7cfc71a,batch_09.json,1,0,0,0,0,0,0,0,0,0,0
6e4dfae7-3ecf-45c0-84be-e2f68999f9c9,batch_09.json,1,1,0,0,0,0,0,0,0,1,0
6f02f3a1-5ea6-4628-b163-5b47b2d37a9c,batch_09.json,0,0,0,0,0,0,0,0,0,1,0
6f34eb6a-e8ee-40d8-928e-ade624b0f11a,batch_09.json,0,0,1,1,0,0,1,1,1,1,0
6f4a2317-145c-4984-8efd-cdce9155f47c,batch_09.json,0,0,0,0,0,0,0,0,0,0,0
7028d113-16b8-4a42-ae70-0fe4b4bc17ab,batch_09.json,0,0,0,0,0,0,0,0,0,0,0
714f87a3-8c9f-4a32-b17e-f770621c3700,batch_09.json,1,0,1,1,0,0,0,0,0,1,0
71cf34b1-7a82-4c55-ae7b-33c5156032b7,batch_10.json,0,0,0,0,0,0,0,0,0,1,0
7266c289-70d6-4a9f-b5ae-8dddf3fcea72,batch_10.json,0,0,1,0,0,0,0,0,0,1,0
72c3e535-a29e-4fdb-b918-a8ac290f8911,batch_10.json,1,0,0,0,0,0,0,0,0,1,0
73297626-f997-488e-aa43-82e70a5f530f,batch_10.json,0,0,0,0,0,0,0,0,0,1,0
73588d5a-9028-47ee-bd55-1bce5b633fc8,batch_10.json,0,0,0,0,0,0,0,0,0,1,0
73c36242-7dec-453a-b6d0-4b3b428a39ae,batch_10.json,0,0,0,0,0,0,0,0,0,1,0
73de226a-e318-4631-a999-a610ba67b5df,batch_10.json,0,0,0,0,0,0,0,0,0,1,0
740a7052-ed6d-4b29-9a0c-fde1c64ab843,batch_10.json,0,0,0,0,0,0,0,0,0,1,0
744c1133-566a-4374-8e08-24f61be92e41,batch_10.json,0,0,0,0,0,0,0,0,0,1,0
744c7338-7cde-48b5-828e-2f237ca5d207,batch_10.json,0,0,0,0,0,0,0,0,0,0,0
7489030c-05ea-42b3-9331-ee6824380f66,batch_10.json,0,0,0,0,0,0,0,0,0,0,0
751d69d8-2859-46a3-a62d-54beaec3bde1,batch_10.json,0,0,0,0,0,0,0,0,0,1,1
753501a9-2f9d-4d92-a1b4-66394c43873d,batch_10.json,0,0,0,0,0,0,0,0,0,0,0
7567bc8f-fb38-4bf7-88f2-eeea86a68f17,batch_10.json,0,0,0,0,0,0,0,0,0,1,0
75f4eb8e-4124-4cc1-a764-008cde28402c,batch_10.json,0,0,0,0,0,0,0,0,0,1,0
76595347-2b3e-4ad2-849f-fe556507078d,batch_10.json,0,0,0,0,0,0,0,0,0,0,0
76c65312-6850-4663-8949-773a17e58740,batch_10.json,0,0,0,0,0,0,0,0,0,0,0
76e7c433-9e93-4e45-bd1c-976c8e64b0ba,batch_10.json,1,0,0,0,0,0,0,0,0,0,0
76f35df6-32b8-4d10-b9f5-a71e36e598c5,batch_10.json,0,0,0,0,0,0,0,0,0,0,0
76f6ded0-1158-4c98-a96b-1586f22aea1c,batch_10.json,0,0,0,0,0,0,0,0,0,1,0
775b2b64-94fe-4c71-a168-b6a7a9fe9875,batch_10.json,0,0,0,0,0,0,0,0,0,1,0
776a0ba6-664c-4058-919c-915a4c7a4e99,batch_10.json,0,0,0,0,0,0,0,0,0,1,0
776c30d0-cdfa-4daf-abbb-c32b1caa5794,batch_10.json,0,0,0,0,0,0,0,0,0,1,0
77923ef1-5a27-4d4b-a237-4bb870fa836f,batch_10.json,0,0,0,0,0,0,0,0,0,0,0
7838e06a-3be1-47cc-8256-0b1f6f6b44d0,batch_10.json,0,0,1,0,0,0,0,0,0,1,0
784ce0bf-0166-485a-a9e7-cb1ef02d7120,batch_10.json,0,0,0,0,0,0,0,0,0,1,0
7880fd75-690a-4cfd-9a08-75c1b3956d02,batch_10.json,0,0,0,0,0,0,0,0,0,1,0
791d60bc-1ad6-49b7-9c45-fc4c7133c69e,batch_10.json,0,0,1,1,0,0,1,0,0,1,0
79212c9e-5b57-4682-a52d-4aa9bc546397,batch_10.json,0,0,0,0,0,0,0,0,0,1,0
793020c4-68ca-44f9-8b41-f94b282b74fe,batch_10.json,0,0,0,0,0,0,0,0,0,0,0
79530f5e-166d-4db9-9016-53e4e914fa69,batch_10.json,0,0,0,0,0,0,0,0,0,1,0
79b5910b-fe62-4428-82d6-f19592dfba95,batch_10.json,0,0,0,0,0,0,0,0,0,1,0
7a1495ec-73af-4046-9bd3-8fbaa4375a8b,batch_10.json,0,0,0,0,0,0,0,0,0,1,0
7aa60dfd-9d5b-4551-af5f-fe00c98696b4,batch_10.json,0,0,0,0,0,0,0,0,0,1,0
7b137a1c-eaad-4e2d-92a8-7476ccffe61f,batch_10.json,0,0,0,0,0,0,0,0,0,1,0
7b4426ad-79f9-446f-a617-8dd577d59fcd,batch_10.json,0,0,0,0,0,0,0,0,0,1,0
7b738502-a79c-4cc2-a00e-826594df32b2,batch_10.json,0,0,0,0,0,0,0,0,0,1,0
7b8a0419-3178-4831-a784-0432b314b690,batch_10.json,0,0,0,0,0,0,0,0,0,1,0
7c4c0852-6f12-415e-a1e1-3dde6248ed37,batch_10.json,0,0,0,0,0,0,0,0,0,0,0
7cec5164-86b6-4cbd-b917-83e4faa32983,batch_10.json,0,0,0,0,0,0,0,0,0,1,0
7d2e30f4-1851-4ed2-a7d2-b92a60da3b2f,batch_10.json,0,0,0,0,0,0,0,0,0,0,0
7d83dd0d-34a8-4ab3-b9df-4e076c7dee0a,batch_11.json,1,0,0,0,0,0,0,0,0,1,0
7db2fcff-19cb-40ea-b12b-ef6b1c377f3e,batch_11.json,0,0,0,0,0,0,0,0,0,1,0
7e10c42d-4129-46ec-a951-77786dbb3a3d,batch_11.json,0,0,0,0,0,0,0,0,0,1,0
7e35655b-d81e-4032-9d97-ebe31324c77f,batch_11.json,0,0,0,0,0,0,0,0,0,1,0
7e732a73-cdd1-42d8-aa81-71228995af29,batch_11.json,0,0,0,0,0,0,0,0,0,1,0
7e7db23b-aa74-4b61-ac6c-d52a1d22d917,batch_11.json,1,0,0,0,0,0,0,0,0,1,0
7f03819d-6839-427b-a82a-72738701d125,batch_11.json,0,0,0,0,0,0,0,0,0,0,0
7f11a796-dd5e-4b2e-9ca6-6380000b4128,batch_11.json,0,0,0,0,0,0,0,0,0,1,0
7f15b356-f669-441b-9f9b-df87c98c3018,batch_11.json,0,0,0,0,0,0,0,0,0,1,0
7fdff3d6-11ba-497d-9c49-2f26d3672846,batch_11.json,0,0,0,0,0,0,0,0,0,1,0
801bca45-3dab-4908-8895-4d6d34b2b3f6,batch_11.json,1,0,0,0,0,0,0,0,0,1,0
807ffbbb-db63-47c2-b49e-2178f9d858da,batch_11.json,0,0,0,0,0,0,0,0,0,0,0
8104fa3e-3d85-4281-9345-2fc4f1941295,batch_11.json,0,0,0,0,0,0,0,0,0,1,0
811ece27-5ff2-45d2-9688-62bd7a212da9,batch_11.json,1,0,0,0,0,0,0,0,0,1,0
8195b867-6f02-4fd8-a9af-54b76f25fa2b,batch_11.json,1,0,0,0,0,0,0,0,0,1,0
81d4cdac-d19d-41ac-b133-2fa6278cebf7,batch_11.json,0,0,0,0,0,0,0,0,0,1,0
81e78cbc-0410-490f-8df1-8ce6c50f1a95,batch_11.json,0,0,0,0,0,0,0,0,0,1,0
820f7d03-a860-4feb-9e29-47d1055f2e7a,batch_11.json,1,0,0,0,0,0,0,0,0,1,0
8214c001-a4e9-44ec-a824-8ba9d458ad3b,batch_11.json,0,0,1,1,0,0,0,0,0,1,0
82b2e836-4a55-4f61-94db-4f199820d578,batch_11.json,0,0,0,0,0,0,0,0,0,1,1
82d5dae2-1249-4250-8bcd-ac2b51e72f72,batch_11.json,0,0,0,0,0,0,0,0,0,1,1
833801c1-0799-4da9-9d81-bcac177fc9a0,batch_11.json,1,0,0,0,0,0,0,0,0,1,0
845263c7-5529-43df-b1c4-44ec0d6fec74,batch_11.json,0,0,0,0,0,0,0,0,0,1,0
84853937-38c0-4084-8ed2-f509a7add43d,batch_11.json,0,0,0,0,0,0,0,0,0,0,0
84ece5dd-97a0-498f-ad68-d2438e2e39b6,batch_11.json,1,0,0,0,0,0,0,0,0,1,0
8523f76a-a0b9-4c25-bff9-89a79eca539a,batch_11.json,0,0,0,0,0,0,0,0,0,0,0
85743e4e-64aa-436f-b282-5c85e2e532dc,batch_11.json,0,1,0,0,0,0,0,0,0,1,0
8626a43f-7a69-4edb-8ebe-513799a1c1ca,batch_11.json,0,0,0,0,0,0,0,0,0,1,0
862ffe75-3470-4bf3-a145-216a3f52a384,batch_11.json,0,0,0,0,0,0,0,0,0,1,0
8635d3c1-d976-4f9b-8c63-5c7857ab5c98,batch_11.json,0,0,1,0,0,0,0,0,0,1,0
86698a9b-d0d4-4cdf-86bd-89c691b5480a,batch_11.json,0,0,0,0,0,0,0,0,0,0,0
866efb57-d376-4b83-9a04-1f06c8a6129a,batch_11.json,0,0,0,0,0,0,0,0,0,1,0
86d6e8e6-6a98-47a1-b04f-b2f0b1771a9d,batch_11.json,0,0,0,0,0,0,0,0,0,1,0
876c5c60-eb38-45e3-b6f5-bd4c9ec6c2c4,batch_11.json,1,0,0,0,0,0,0,0,0,1,0
8791d255-2350-4e76-8e0e-aa19c9f4b996,batch_11.json,0,0,1,0,0,0,1,0,0,0,1
87b17310-c50b-406c-b3a9-9403b41a37a2,batch_11.json,0,0,0,0,0,0,0,0,0,1,0
87d7ee8b-10af-49e4-a4d1-10db9cb2931e,batch_11.json,0,0,0,0,0,0,0,0,0,1,0
880d82d4-f574-42c6-ab31-6cb07951317b,batch_11.json,0,0,0,0,0,0,0,0,0,1,0
88222212-ebb5-4778-8da2-fb1d8e0d5618,batch_11.json,0,0,0,0,0,0,0,0,0,1,0
888a7048-8273-419d-9142-978675ac4b0b,batch_11.json,0,0,0,0,0,0,0,0,0,0,0
88ada3ba-1de2-4208-8dd2-d809b373b84d,batch_11.json,0,0,0,0,0,0,0,0,0,1,0
88b28a69-78e9-4511-a2c2-67f5c6f1d844,batch_11.json,0,0,0,0,0,0,0,0,0,0,0
88c72491-5934-4c63-ad8e-7a9f682ebd8e,batch_11.json,1,0,0,0,0,0,0,0,0,1,0
8918e6f2-92ce-4b3b-ab0e-4cbdd9bc094d,batch_11.json,1,0,0,0,0,0,0,0,0,1,0
893e34dd-73e8-477b-b2be-9c5e67571883,batch_11.json,0,0,0,0,0,0,0,0,0,1,1
89cadd93-6861-454c-9622-3f47ed81e4b3,batch_11.json,0,0,0,0,0,0,0,0,0,1,0
89f7ea14-38ae-4193-907d-fea51b2918da,batch_11.json,1,0,0,0,0,0,0,0,0,0,0
8a38919c-6df0-46db-9051-7035a4063c85,batch_11.json,0,0,0,0,0,0,0,0,0,0,0
8a6b856c-cf2c-4ed8-9421-4f4a4a66b0eb,batch_11.json,0,0,1,1,0,0,0,0,0,1,0
8b5120b5-ab96-4e0e-b9b3-507c5ff0f863,batch_11.json,1,0,0,0,0,0,0,0,0,1,0
8b6240fa-1e00-4d1c-be65-a440f244537e,batch_11.json,0,0,0,0,0,0,0,0,0,1,0
8c380a48-e860-457a-8f1a-edc83180c071,batch_11.json,0,0,0,0,0,0,0,0,0,1,0
8cc17b93-f1c8-4d9a-ae57-560e97c9917a,batch_12.json,0,0,0,0,0,0,0,0,0,1,0
8cc42fa6-f101-4c11-9bf4-9aa5c9cff289,batch_12.json,0,0,0,0,0,0,0,0,0,1,0
8cfd9435-2d5f-4d24-9203-fb62ebf2b809,batch_12.json,1,0,0,0,0,0,0,0,0,1,0
8d102a29-718f-4aee-b2cc-cce7a4398985,batch_12.json,0,0,0,0,0,0,0,0,0,0,0
8d64d941-969e-4f3d-887e-97bb93df0b14,batch_12.json,0,0,0,0,0,0,0,1,1,1,0
8dd4edfb-4499-4250-ac93-ec5280b59eda,batch_12.json,0,0,0,0,0,0,0,0,0,1,0
8ddf86ff-fa5f-4784-bd8b-ed856fab12e4,batch_12.json,0,0,0,0,0,0,0,0,0,1,0
8df0da8c-d6cd-4d25-b0a0-78b949a1144b,batch_12.json,0,0,0,0,0,0,0,0,0,1,0
8f1743ac-0321-4086-acc5-db3212bd3082,batch_12.json,0,0,0,0,0,0,0,0,0,1,0
8f37f8ed-9a3c-4ca0-846a-7a902abe950d,batch_12.json,0,0,0,0,0,0,0,0,0,1,0
8f81f7bf-7e86-43cb-a4ea-df7634e5c40f,batch_12.json,0,0,0,0,0,0,0,0,0,1,0
8fa1e566-5c5f-4cc2-a092-248071f09302,batch_12.json,0,0,0,0,0,0,0,0,0,1,0
8fadfcde-1a2b-4abd-a98c-403b4ebbb59b,batch_12.json,0,0,1,1,0,0,0,0,0,1,0
9047ca9a-cdcd-4ce9-b179-51b8b673d04a,batch_12.json,0,0,0,0,0,0,0,0,0,1,0
90abf6a8-7018-4318-b4ef-7b0ab1f691d0,batch_12.json,0,0,0,0,0,0,0,0,0,1,0
90bb31fc-6851-4577-8104-79a28c3d9fbd,batch_12.json,0,0,0,0,0,0,0,0,0,1,0
90f10eac-3cb0-4f47-b2f8-f7dfe555ebc3,batch_12.json,0,0,0,0,0,0,0,0,0,1,0
9114968b-fcc8-42f5-b0f1-5c01d4fadf16,batch_12.json,0,0,0,0,0,0,0,0,0,0,0
9114c859-77d6-473d-9d66-74022cb3dfec,batch_12.json,0,0,0,0,0,0,0,0,0,1,0
91631732-16a6-4575-bc20-fc626d3ef057,batch_12.json,0,0,1,1,0,0,0,0,0,1,0
91dda0c5-ef82-4a22-a065-6d37bc46beeb,batch_12.json,1,0,0,0,0,0,0,0,0,1,0
923ae0e5-9fed-4a4c-a633-facc4dc85393,batch_12.json,0,0,0,0,0,0,0,0,0,1,0
93e8347d-8143-490a-bb9a-ccc7df13e419,batch_12.json,0,0,0,0,0,0,0,0,0,0,0
947ac71e-75d3-4ce5-bafd-9ce806b0d437,batch_12.json,1,0,1,1,0,0,0,0,0,1,0
94938822-c84c-4963-8245-7eb463386bde,batch_12.json,0,0,0,0,0,0,0,0,0,1,0
94b28c85-3b3b-4b33-a01c-7f57860de66f,batch_12.json,0,0,1,1,0,0,0,0,0,0,0
9518827f-531f-457d-8919-8c57434b8eaf,batch_12.json,0,0,1,1,0,0,0,0,0,1,0
952bafee-a607-4f04-a45f-bbfc11413a92,batch_12.json,0,0,1,1,0,0,0,0,0,0,0
957ba030-959f-43f0-93da-165e6bffa80c,batch_12.json,0,0,1,1,1,0,0,0,0,1,0
959b48bb-0fd2-46c3-b789-9bffc9b1719d,batch_12.json,0,0,0,0,0,1,0,0,0,1,0
95d6d1e1-e3bb-465a-acc2-6fe471033fe1,batch_12.json,0,0,0,0,0,0,0,0,0,0,0
95dbdb45-8271-4357-9493-02d5966edef5,batch_12.json,0,0,0,0,0,0,0,0,0,1,0
95e04399-822d-4825-bd39-cff61e38c38b,batch_12.json,1,0,0,0,0,0,0,0,0,1,0
9626ef61-f224-4b10-9b3d-7e323deea009,batch_12.json,0,0,0,0,0,0,0,0,0,0,0
96377c23-cbac-42a6-8cdb-201fe61af76d,batch_12.json,0,0,0,0,0,0,0,0,0,1,0
96672ab3-de34-48a3-9856-16d165fd7e7c,batch_13.json,1,0,0,0,0,0,0,0,0,1,0
966fe3e1-35a2-4bc6-8e65-cbbfdea8722a,batch_13.json,0,0,0,0,0,0,0,0,0,0,0
9678119a-d6c9-4a6d-8302-101e9667cfc2,batch_13.json,0,0,1,1,0,0,0,0,0,0,1
968f913c-c040-4238-b2cf-6706d0acffe4,batch_13.json,0,0,1,1,0,0,0,0,0,0,0
96cf94c6-eb21-44dd-ad66-111aeb8c1051,batch_13.json,0,0,0,0,0,0,0,0,0,1,0
970cd3bb-1abf-499a-a72d-c045502dc369,batch_13.json,1,0,0,0,0,0,0,0,0,1,0
9736dda2-834c-484e-8a7c-d2ad79c9f387,batch_13.json,0,0,0,0,0,0,0,0,0,0,0
976d1542-d896-481b-a850-9d8f08ee034a,batch_13.json,0,0,0,0,0,0,0,0,0,1,0
983d78cd-fdec-4061-87ce-dade809eb2f3,batch_13.json,0,0,0,0,0,0,0,0,0,1,0
98856698-8b6f-4e46-846b-9bf50bd1cc1a,batch_13.json,0,0,0,0,0,0,0,0,0,0,0
98b3c24b-36a2-432c-9c73-13939fcd5d5b,batch_13.json,0,0,0,0,0,0,0,0,0,1,0
98e21b22-77e8-404e-b223-79da22cc5909,batch_13.json,1,0,0,0,0,0,0,0,0,1,0
98f33e7f-f8fa-4c8a-8e6a-1a6488a51e0c,batch_13.json,0,0,1,1,0,0,1,1,0,1,1
992bf46c-72c0-4410-9f4b-ec44bebee37b,batch_13.json,0,0,0,0,0,0,0,0,0,0,0
9adfc237-bf66-46be-858f-fd8ff407cbe2,batch_13.json,0,0,0,0,0,0,0,0,0,1,0
9b038b80-d828-4260-9acd-343d8f74d4fc,batch_13.json,0,0,0,0,1,0,0,0,0,1,0
9b2a6873-88f2-4e01-a031-0d97d28a19ba,batch_13.json,0,0,0,0,0,0,0,0,0,0,0
9b7712b2-9809-4a87-af98-0305913d94a2,batch_13.json,0,0,1,1,0,0,0,0,0,1,0
9bf5f40b-d34c-4498-9647-a0ef1ac61f54,batch_13.json,0,0,0,0,0,0,0,0,0,1,0
9c2ebb5c-ad82-4eba-9b24-e1d79239ee40,batch_13.json,0,0,0,0,0,0,0,0,0,1,0
9c9bbdd7-8aa8-42ed-adb4-5f849493893c,batch_13.json,0,0,1,1,0,0,0,0,0,1,0
9ca348f8-6224-48e9-b4ab-88c93a8184d8,batch_13.json,0,0,0,0,0,0,0,0,0,0,0
9ced3ac3-873f-40e5-9f5e-00b681724de9,batch_13.json,0,0,0,0,0,0,0,0,0,0,0
9da49cf7-3a04-4d00-b858-6ebd8bf79d1a,batch_13.json,0,0,0,0,0,0,0,0,0,1,0
9e74003c-936e-4192-91a6-9a0ee06d8724,batch_13.json,0,0,0,0,0,0,0,0,0,1,0
9e955762-b423-4fb1-ba05-c7f01a1a181c,batch_13.json,0,0,0,0,0,0,0,0,0,1,0
9fe38091-03ce-42d1-98a6-ee294008e286,batch_13.json,0,0,0,0,0,0,0,0,0,1,1
a09e8dd4-e947-4f5c-9379-cf04cf48922b,batch_13.json,0,1,0,0,0,0,0,0,0,1,0
a0af54fd-9f86-4372-aced-1bc3ece79751,batch_13.json,0,0,0,0,0,0,0,0,0,1,0
a0bf33d7-3dac-4afc-bc35-341b192e847d,batch_13.json,1,0,0,0,0,0,0,0,0,1,0
a0d1a3f8-fc28-4c08-9543-b7dced9ab353,batch_13.json,0,0,0,0,0,0,0,0,0,0,0
a0d3cfc9-d9ba-4489-affb-63870e9f3d3a,batch_13.json,0,0,0,0,0,1,0,0,0,0,0
a1698697-387f-4a50-b84c-6171de587954,batch_13.json,0,0,1,1,0,0,1,1,0,1,0
a18d9219-594f-49b2-9380-0d51c8da7460,batch_13.json,0,0,0,0,0,0,0,0,0,1,0
a1dba66e-7cfb-4f6a-ab9d-1439062ccd3e,batch_13.json,0,0,0,0,0,0,0,0,0,0,0
a2691eb4-3534-4a6e-b32d-4b9f6a7fe1e7,batch_13.json,0,0,0,0,0,0,0,0,0,0,0
a331c194-222d-43d6-afac-e43bbffa23ac,batch_14.json,0,0,1,1,0,0,0,0,0,1,0
a3a7916a-e83d-4f6b-a9b3-017b970179f2,batch_14.json,0,0,0,0,0,0,0,0,0,1,0
a3c3be01-e1f5-45ee-9c1d-ecb9aca44b85,batch_14.json,0,0,0,0,0,0,0,0,0,0,0
a47320c0-ea32-4a47-a471-e23455071cfc,batch_14.json,0,0,0,0,0,0,0,0,0,1,0
a4ad1584-9a4b-4c64-94d6-4cd58861bc0f,batch_14.json,0,0,0,0,0,0,0,0,0,1,0
a4c59245-285a-40c6-a75c-7b3671b07453,batch_14.json,1,0,0,0,0,0,0,0,0,1,0
a4e9eb38-9e1b-4f08-932f-ce4cad57cbda,batch_14.json,0,0,0,0,0,0,0,0,0,1,0
a53feb13-d702-4fc0-9a9e-a0f6fffba344,batch_14.json,1,0,0,0,0,0,0,0,0,1,0
a54d6d39-3d1a-494d-aa8b-7ff1b106dcbf,batch_14.json,0,0,0,0,0,0,0,0,0,1,1
a5672fc8-235f-4dfa-b082-89af071f68a0,batch_14.json,0,0,0,0,0,0,0,0,0,1,0
a577745f-5e89-45f7-ac65-d577cac9e4ac,batch_14.json,0,0,1,0,0,0,0,0,0,1,0
a5a81c6f-e1fd-413a-bf1d-fa832da99187,batch_14.json,1,0,1,1,0,0,0,0,0,1,0
a5c584ec-ac7d-4818-94a3-93d347584bfc,batch_14.json,0,0,0,0,0,0,0,0,0,0,0
a5feca15-4a15-4639-ba44-3a1b74349724,batch_14.json,0,0,1,0,0,0,0,0,0,1,0
a60f222a-c95c-445b-b30e-cf4acba2838f,batch_14.json,0,0,0,0,0,0,0,0,0,1,0
a646e316-3cf9-4805-a4c9-c53d48a5b4cf,batch_14.json,0,0,0,0,0,0,0,0,0,1,0
a6765de1-51eb-4fed-9f2a-dbdd09ce322f,batch_14.json,0,0,0,0,0,0,0,0,0,0,0
a679f6fa-76f8-4f68-b735-e55cf7ec872d,batch_14.json,0,0,0,0,0,0,0,0,0,1,0
a6abc85c-41e2-4f58-a2f7-2da0e5fd51c3,batch_14.json,0,0,0,0,0,0,0,0,0,0,0
a6be0db8-7d0a-463f-a953-c6f1297a2cb7,batch_14.json,0,1,1,0,0,0,0,0,0,1,0
a6ceb926-5764-4707-91d6-33b7cd669ccc,batch_14.json,0,0,1,1,0,0,0,0,1,1,0
a6d4984a-06bc-4d2f-8caa-97b1b6dec40b,batch_14.json,0,0,0,0,0,0,0,0,0,0,1
a7028d72-1090-45d7-8dd6-25ea1d4c342a,batch_14.json,0,0,0,0,0,0,0,0,0,1,0
a7208459-54c0-4674-aa0d-641bba8b334c,batch_14.json,0,0,1,1,0,1,0,0,0,1,0
a7386950-0527-4162-ba51-09e897926c97,batch_14.json,0,0,0,0,0,0,0,0,0,0,0
a7432d06-ebf3-42ad-9280-f17a44fc809e,batch_14.json,0,0,0,0,0,0,0,0,0,1,0
a75ad6de-f4b8-4034-937e-9c03f60cd272,batch_14.json,0,0,0,0,0,0,0,0,0,1,0
a792f120-b787-4eb0-ab6e-13dcd73d2f1f,batch_14.json,0,0,1,1,0,0,1,0,0,1,0
a7ebc4db-0929-40bb-afd6-9d752e508817,batch_14.json,0,0,0,0,0,0,0,0,0,1,0
a7f820ac-1c33-4b2c-a5ff-b357473f4f39,batch_14.json,0,0,0,0,0,0,0,0,0,1,0
a81560ab-4f5e-4e9f-a3c3-7ba404eb3b45,batch_14.json,0,0,0,0,0,0,0,0,0,0,0
a873b43e-5fb4-4e06-86d8-0e1fb1208aa1,batch_14.json,0,0,0,0,0,0,0,0,0,0,0
a89c0107-e9be-44bc-bbb7-e6a6fcb7f1b1,batch_14.json,0,0,0,0,0,0,0,0,0,1,0
a8ec2f79-581f-4f40-9943-030d65285c46,batch_14.json,0,0,0,0,0,0,0,0,0,1,0
a9191a0d-d90e-40d2-a208-368246f49c8d,batch_14.json,0,0,0,0,0,0,0,0,0,1,0
a9374b6e-c63e-4e87-994a-f794eb8970b7,batch_14.json,0,0,0,0,0,0,0,0,0,1,0
aa0475ae-1f3f-460e-9f98-0600eca2555b,batch_14.json,0,0,0,0,0,0,0,0,0,0,0
aa2011a5-3cb5-44ff-8a55-2869faaa2494,batch_14.json,0,0,0,0,0,0,0,0,0,0,0
aa51fe11-207b-4164-9c12-e7f65b556ca9,batch_15.json,0,0,1,0,0,0,1,0,0,1,1
aa86671c-d037-4ef8-a876-2fc3fc0443ee,batch_15.json,0,0,0,0,0,0,0,0,0,1,0
aab14bd0-9919-4287-ad8b-683336c28225,batch_15.json,0,0,0,0,0,0,0,0,0,1,0
aabefdbe-7e6a-4abe-92fd-e8a793754298,batch_15.json,0,0,0,0,0,0,0,0,0,1,0
aaea778b-d3a2-4dca-a775-463eb7d861cd,batch_15.json,0,0,0,0,0,0,0,0,0,1,0
ab2662b3-bb4c-4bd9-8ff3-4ed2a7874702,batch_15.json,0,0,0,0,0,0,0,0,0,1,0
ab3c414b-2411-4379-b36f-050fd518571d,batch_15.json,0,0,0,0,0,0,0,0,0,1,0
ab4af9a0-ae49-483e-ae85-2a0ea179a78a,batch_15.json,0,0,0,0,0,1,0,0,0,0,1
ab78bcd7-6481-437e-8aca-bdb1d868b430,batch_15.json,1,0,0,0,0,0,0,0,0,1,0
aba3a7b2-6b37-4239-801d-20cbad4b0d2a,batch_15.json,0,0,0,0,0,0,0,0,0,0,0
aba5a943-2824-4104-b38d-0f50fd35d8ff,batch_15.json,0,0,0,0,0,0,0,0,0,1,0
ac878e38-3a23-453d-a60c-e1894795cb3d,batch_15.json,0,0,0,0,0,0,0,0,0,0,0
ac9d9e3a-17f4-4f9c-b8f9-ab9086ab639d,batch_15.json,0,0,0,0,0,0,0,0,0,1,0
acdef9b0-2543-4455-a77f-75141c96bd19,batch_15.json,0,0,0,0,0,0,0,0,0,1,1
ace5cce2-6f80-4ab4-8b95-2a22ab6dd72f,batch_15.json,0,0,0,0,0,0,0,0,0,0,0
ad47b9eb-c66b-46b4-a2da-fff232a05f80,batch_15.json,0,1,0,0,0,0,0,0,0,0,0
ad4cbb10-a2d5-4a5d-9577-21e48e67ddda,batch_15.json,0,0,1,0,0,0,0,0,0,0,0
ade92c3b-7800-4a4c-96b7-b9dfc540301b,batch_15.json,0,0,0,0,0,0,0,0,0,1,0
ae288035-d7d9-4e43-beb9-eb83d9d2067e,batch_15.json,0,0,0,0,0,0,0,0,0,1,0
ae6416ab-3c64-441b-aafe-a4f97c6c3520,batch_15.json,0,0,0,0,0,0,0,0,0,0,0
ae7ec16e-4d3b-424c-8ff7-6461ec66a660,batch_15.json,0,0,0,0,0,0,0,0,0,1,0
ae91d4de-dd10-4175-9aca-e5dde361a723,batch_15.json,0,0,0,0,0,0,0,0,0,1,0
ae9ef17e-1bf3-4a61-9ab4-763987c05d2e,batch_15.json,0,0,1,1,0,0,0,0,0,1,0
af857ef6-2f1f-4dc5-8f30-546d82e256b0,batch_15.json,0,0,0,0,0,0,0,0,0,1,0
af8dc6a3-a38e-4c87-b6a7-3c4a2fa329de,batch_15.json,1,0,0,0,0,0,0,0,0,1,0
af9b7954-6bac-44c2-af05-ee45a282cfa5,batch_15.json,0,0,0,0,0,0,0,0,0,0,0
b00434eb-07eb-41b5-a4fe-6f15e1c5e062,batch_15.json,0,0,0,0,0,0,0,0,0,1,0
b00bc62d-1791-4c7d-b2d3-f9cc593b2314,batch_15.json,0,0,0,0,0,1,0,0,0,1,0
b02716e6-6c5c-4a30-b3ff-836ac489f784,batch_15.json,0,0,0,0,0,0,0,0,0,1,0
b03b6796-2c70-4d56-9951-404196d08a34,batch_15.json,0,0,0,0,0,0,0,0,0,1,0
b0da5acc-f367-4fed-9a94-43fb33ed0f83,batch_15.json,0,0,0,0,0,0,0,0,0,0,0
b0e76cd0-87da-4c02-aa7c-8376bb53c7ff,batch_15.json,0,0,0,0,0,0,0,0,0,0,0
b11c5f19-5a3e-472a-a0b1-5ca3fc28284c,batch_15.json,0,1,0,0,0,0,0,0,0,0,0
b12f5285-b833-4c1d-aeb1-1a1e2390bf7c,batch_15.json,0,0,0,0,0,0,0,0,0,1,0
b1f7ef3b-8e11-4fbf-9e20-ea45c8ba50cb,batch_15.json,0,0,0,0,0,0,0,0,0,0,0
b216f9e7-ff8b-4e4d-9ea9-69299f3be201,batch_15.json,0,0,0,0,0,0,0,0,0,1,0
b246df4f-979b-41e6-a725-c7d1e2c57037,batch_15.json,0,0,0,0,0,0,0,0,0,0,0
b2956986-39b1-4f07-bab8-6305198ef184,batch_15.json,0,0,0,0,0,0,0,0,0,1,0
b2cc05bd-d429-4c7d-b14e-51487cf45799,batch_15.json,0,0,1,1,0,0,1,0,0,1,0
b2eabdf3-8658-4faa-8c48-f171a12a96fd,batch_15.json,1,0,0,0,0,0,0,0,0,1,0
b337a8f3-ef53-423a-87db-0cb08be9079b,batch_15.json,0,0,0,0,0,0,0,0,0,1,0
b35a3057-a426-419b-b53c-4fa7d328e97f,batch_15.json,0,0,1,0,0,0,1,1,0,1,1
b39d2e69-3772-4ccc-a8c6-02c6205bdc97,batch_15.json,0,0,0,0,0,0,0,0,0,1,0
b3c0ed47-ea47-4c75-91ce-6e05dae71218,batch_16.json,0,0,1,0,0,0,0,0,0,0,0
b4152d79-fd3d-486e-a8d5-4f6fa0371fd8,batch_16.json,0,1,0,0,0,0,0,0,0,0,0
b45b7497-2b75-4074-b423-f22cb9a67f24,batch_16.json,0,0,0,0,0,0,0,0,0,1,0
b4635142-393d-45e5-b840-2b5e6391d4f6,batch_16.json,0,0,0,0,0,0,0,0,0,0,0
b4ceb796-b02e-49b1-bf97-da384ce3edb5,batch_16.json,1,0,0,0,0,0,0,0,0,1,0
b4d93e50-24d5-4862-b1ae-1bc40276e39b,batch_16.json,0,0,0,0,0,0,0,0,0,0,0
b5093fe7-f0dc-449a-8720-7ac6998d7afa,batch_16.json,0,0,0,0,0,0,0,0,0,1,0
b5602109-d0ce-49df-b719-881b80e13f76,batch_16.json,0,0,0,0,0,0,0,0,0,1,1
b67cc9c9-33eb-4674-84a0-f9c317bfe3f8,batch_16.json,1,0,0,0,0,0,0,0,0,1,0
b6b9aeb1-31b9-4654-868c-fb8d4b93788b,batch_16.json,0,0,0,0,0,0,0,0,0,1,0
b732fdba-f621-44c9-833c-fb4fa57af8d4,batch_16.json,0,0,1,0,0,0,0,0,0,1,0
b7d87a1d-2b2e-4e63-abb2-66c7d34c7c71,batch_16.json,0,0,0,0,0,0,0,0,0,1,1
b84c8546-f099-423a-9fba-2c485049db65,batch_16.json,0,0,0,0,0,0,0,0,0,1,0
b89d7df0-8309-4d8d-af74-e8d16cee789a,batch_16.json,0,0,0,0,0,0,0,0,0,1,0
b91a78be-766e-412c-a047-7118d0639f81,batch_16.json,0,0,0,0,0,0,0,0,0,1,0
b92ba061-cf7a-4ded-9969-c27d364d303a,batch_16.json,0,0,1,1,0,0,0,0,0,1,0
b948bad4-500d-4ac9-9be0-ce31fa8b9848,batch_16.json,0,0,0,0,0,0,0,0,0,1,0
b94e348a-6a70-4e9d-b361-97b2da26a493,batch_16.json,0,0,1,1,0,0,0,0,0,1,0
b9683153-5a35-42c9-9870-c98021c62f41,batch_16.json,0,0,0,0,0,0,0,0,0,0,0
b976c086-3dc1-4f01-9427-a8cf793696f7,batch_16.json,0,0,1,0,0,0,0,0,0,1,0
b9787e27-c03f-48dc-b679-2de6bf0762d5,batch_16.json,0,0,0,0,0,0,0,0,0,1,0
b9dc461a-1c82-43d7-8776-92792455d5ce,batch_16.json,0,0,0,0,0,0,0,0,0,1,0
ba3d1087-6f09-44ce-a143-9202c0d7a3e7,batch_16.json,0,0,0,0,0,0,0,0,0,0,0
ba53911f-82dd-4300-acc8-6d14c6a65a04,batch_16.json,0,0,0,0,0,0,0,0,0,1,0
baefc913-1870-440d-9661-d2feeee1d08d,batch_16.json,0,0,0,0,0,0,0,0,0,1,0
bb3156ac-b538-4f97-9fc1-f36fb801cc66,batch_16.json,0,0,1,0,0,0,0,0,0,1,0
bb5ec124-ca04-434e-aa6f-75c369ba8ef7,batch_16.json,0,0,0,0,0,0,0,0,0,1,0
bb6b4885-1db4-42e5-a2ae-2099ba042a96,batch_16.json,0,0,0,0,0,0,0,0,0,0,0
bb8ada33-f098-4d33-953c-07e50e8df9f3,batch_16.json,0,0,0,0,0,0,0,0,0,1,0
bb914789-ab79-468b-aafa-105471cc7438,batch_16.json,0,0,0,0,0,0,0,0,0,0,0
bd044e04-23eb-4ee9-a493-7e3385b007af,batch_16.json,1,0,0,0,0,0,0,0,0,1,0
bd527936-fb96-402f-9195-8047c90c9294,batch_16.json,0,0,0,0,0,0,1,0,0,1,1
bd5c0e2f-f6f2-4e83-bbee-e94853933599,batch_16.json,0,0,1,0,0,0,1,0,0,1,0
bd9f9591-0580-4988-8e5d-3cc8423f7d91,batch_16.json,0,0,0,0,0,0,0,0,0,1,0
bdb562a6-a3c7-4fe3-a31d-364f9d67832b,batch_16.json,0,0,0,0,0,0,0,0,0,0,1
bdd09a29-7044-48d2-b190-779b8946f09f,batch_16.json,1,0,0,0,0,0,0,0,0,1,0
be2e513e-476a-42a4-ab79-038135e80c65,batch_16.json,0,0,0,0,0,0,0,0,0,0,0
becea760-70d4-46ae-9bce-0bf9cc7051f0,batch_16.json,1,0,1,0,0,0,0,0,0,1,0
bf4eec0d-4c87-4ea7-8415-c97f5b058601,batch_16.json,0,0,0,0,0,0,0,0,0,1,0
bfec9d9c-f63d-4f36-8225-89c36af59696,batch_16.json,0,0,1,1,0,0,0,0,1,1,0
bfed8925-a42c-4123-9187-807aaf8c4908,batch_17.json,0,0,0,0,0,0,0,0,0,1,0
c00d50bd-9f74-4d18-955c-f47aa26a979d,batch_17.json,0,0,0,0,0,0,0,0,0,1,0
c03480bf-9264-48f9-bccf-156e89342d9d,batch_17.json,0,0,0,0,0,0,0,0,1,1,0
c03f8573-2f49-4759-9f7c-52ab8f18e6d8,batch_17.json,0,0,0,0,0,1,0,0,0,1,0
c07198c6-8b47-48e4-9cd1-ad8fbcba5fb3,batch_17.json,0,0,0,0,0,0,0,0,0,0,0
c0997a1f-6605-4b02-9065-933fad1cccbb,batch_17.json,0,0,0,0,0,0,0,0,0,0,0
c0ff2447-b387-4f03-8b52-cb1c025b44e8,batch_17.json,0,0,0,0,0,0,0,0,0,1,0
c140706b-bd0a-4479-8bf6-c93d43c71003,batch_17.json,0,0,0,0,0,0,0,0,0,1,0
c16f3539-6aac-4c42-8c01-c6616b1feb4b,batch_17.json,0,0,1,1,0,0,0,0,0,0,0
c1845efb-7a21-4f8a-b176-3ffe4b6b465b,batch_17.json,0,0,0,0,0,0,0,0,0,1,0
c2740565-d95c-4ebc-978f-071263b2578c,batch_17.json,0,0,0,0,0,0,0,0,0,1,0
c27a4bb2-f285-44c1-a32d-2206201c170c,batch_17.json,0,0,0,0,0,0,0,0,0,1,0
c28f5723-d5e6-4cd4-b834-792231b209c6,batch_17.json,0,0,0,0,0,0,0,0,0,1,0
c2a033a2-8736-434d-aaaa-e7d191d5a19d,batch_17.json,0,0,0,0,0,0,0,0,0,0,0
c2a04fe5-9bb2-4db3-936b-5d99522043b3,batch_17.json,0,0,0,0,0,0,0,0,0,0,0
c3064114-050e-44a3-a402-43dd6dabe620,batch_17.json,0,0,0,0,0,0,0,0,0,1,1
c3179c2a-3647-4e06-8cc9-18f1c5de0967,batch_17.json,0,0,1,1,0,0,0,0,0,1,0
c31e748c-f3a8-4081-950d-9080eab714ba,batch_17.json,0,0,0,0,0,0,0,0,0,0,0
c363593d-653f-4ccd-9718-47caff12525a,batch_17.json,0,0,1,0,0,0,0,0,0,1,0
c3878b2f-d652-45ea-a6ed-694aecf3ba7b,batch_17.json,0,0,0,0,0,0,0,0,0,1,0
c3f87c89-99e4-483f-9808-9abc6a1557e7,batch_17.json,0,0,0,0,0,0,0,0,0,0,0
c41a7e24-e10f-4e8f-97cf-4ff042e83fe3,batch_17.json,0,0,1,1,0,0,1,0,0,1,0
c42407e3-cf7b-4355-af2c-163e59ee5eff,batch_17.json,0,0,0,0,0,0,0,0,0,1,0
c452d2c2-571b-4b9c-b5d1-2b282b9c7ddb,batch_17.json,0,0,0,0,0,0,0,0,0,1,0
c4c08046-7f54-427a-b073-b12d7cdb817b,batch_17.json,0,0,0,0,0,0,0,0,0,1,0
c4c5c645-b780-40cb-8c10-7eef926548e2,batch_17.json,0,0,0,0,0,0,0,0,0,1,0
c4e6fdaa-522b-4d17-a0b1-1dfe3c16ea7c,batch_17.json,0,0,0,0,0,0,0,0,0,0,0
c5709e7a-216a-47b5-9151-9fbfbfb3c921,batch_17.json,0,0,0,0,0,0,0,0,0,1,0
c57e49f0-ee05-4c71-9259-5b4700f9f8c6,batch_17.json,0,0,0,0,0,0,0,0,0,1,0
c5df1e56-4657-4c3e-8987-6bd0d5384f96,batch_17.json,0,0,0,0,0,0,0,0,0,0,0
c6d79894-02e1-479c-9b6f-50a70753360e,batch_17.json,0,0,0,0,0,0,0,0,0,1,0
c6d9b934-e6a7-4f42-b6c9-1828e8c3e564,batch_17.json,0,0,0,0,0,0,0,0,0,0,0
c6fd800d-dccf-4ee5-83a3-ec38abfe42bd,batch_17.json,0,0,0,0,0,0,0,0,0,0,0
c70649a5-1fdb-416a-900f-7f322a5d6fbb,batch_17.json,0,0,0,0,0,0,0,0,0,1,0
c721d3b0-20a5-4c71-8242-030e2cd1299d,batch_17.json,0,0,0,0,0,0,0,0,0,0,1
c7241010-0521-43a5-83f0-6fb577418a0e,batch_17.json,0,0,1,1,0,0,0,0,0,0,0
c769d7ad-3d88-4e0e-a4f9-5394a29a48d4,batch_17.json,0,0,0,0,0,0,0,0,0,1,0
c7e4ae0f-6406-4ead-aff7-6141151f6f4d,batch_17.json,0,0,1,1,0,0,0,0,0,1,0
c89a0aee-0870-44ff-8d35-f1b477fcab56,batch_17.json,0,0,0,0,0,0,0,0,0,1,0
c8f4bbab-22e6-44d1-8665-1dbaf0a9dea0,batch_17.json,0,0,0,0,0,0,0,0,0,0,0
c93abe2e-1b73-4c78-956b-f829d4cb120d,batch_17.json,0,0,0,0,0,0,0,0,0,1,0
ca01345c-0a97-41f7-978f-debaffed2542,batch_17.json,0,0,1,1,0,0,0,0,0,1,0
ca10f95c-74e6-4873-b781-c7babc78b30d,batch_17.json,0,0,0,0,0,0,0,0,0,0,0
ca72c2c4-ba2f-4138-9a14-b787fe061eb4,batch_18.json,0,0,0,0,0,0,0,0,0,1,0
cb0d6035-7769-47e9-bfbd-8b7d390ecd11,batch_18.json,0,0,0,0,0,0,0,0,0,0,0
cb12556b-709e-4c45-b7d5-eed35f7431e5,batch_18.json,0,0,0,0,0,0,0,0,0,0,0
cb143208-3641-49ba-b322-893c58aad4b7,batch_18.json,0,0,0,0,0,0,0,0,0,1,0
cb26d8d2-1585-4a59-97e3-27caf1ed3edd,batch_18.json,1,1,0,0,0,0,0,0,0,1,0
cb8e949f-3c6a-48d4-ab1e-7c41db2a426e,batch_18.json,1,0,0,0,0,0,0,0,0,1,0
cba76ddd-0180-489d-8fbc-1aae82ccac4c,batch_18.json,0,0,1,1,0,0,0,0,0,1,0
cbb78fdb-7ce7-4fa1-a756-6939082f4c65,batch_18.json,1,0,0,0,0,0,0,0,0,1,0
cc1b531b-80c9-4a48-a987-4e313f5850e6,batch_18.json,0,0,0,0,0,0,0,0,0,1,0
cc4d9846-542d-4c5c-b11e-a0efc8dfd8ce,batch_18.json,0,0,0,0,0,0,0,0,0,1,1
cc986e06-8965-449c-8a84-0ba506f116dc,batch_18.json,0,0,0,0,0,0,0,0,0,1,0
cca2741b-d09c-41ed-a573-573acc840a11,batch_18.json,1,0,0,0,0,0,0,0,0,1,0
ccce7df3-1b5e-4bdc-bcb7-f62a8808fa9f,batch_18.json,0,0,0,0,0,0,0,0,0,0,0
ccd01aa0-45ec-431c-866e-7a7a2ee9a4d4,batch_18.json,1,0,0,0,0,0,0,0,0,1,0
ccf3db75-c653-495c-a624-2ddd699467eb,batch_18.json,0,0,0,0,0,0,0,0,0,0,0
cd52e127-f7bf-4699-9760-1f348dd2d9cc,batch_18.json,0,0,0,0,0,0,0,0,0,1,0
cd9da369-be2d-4760-a50b-7ecb67bc12d3,batch_18.json,0,0,0,0,0,0,0,0,0,1,0
cdb6b54b-e376-419b-a817-a046834b7121,batch_18.json,0,0,0,0,0,0,0,0,0,0,0
ce0a2d34-683e-4410-9121-f8d3ee439378,batch_18.json,1,0,1,0,0,0,0,0,0,1,0
ce156a4c-7d6a-427a-9aef-2e8aad304290,batch_18.json,0,0,0,0,0,0,0,0,0,1,0
ce311e47-2939-4ecc-ac1e-79a1543ddb6a,batch_18.json,0,0,0,0,0,0,0,0,0,1,0
ce43e07f-82f1-4424-9c07-47d53e75b0c6,batch_18.json,1,0,0,0,0,0,0,0,0,1,0
ce5c68e8-cbfa-42c9-b972-fb363b7456d9,batch_18.json,1,0,1,0,0,0,0,0,0,1,0
cef73982-9f9d-4b12-ae4d-7f1400a42e58,batch_18.json,0,1,1,1,0,0,0,0,0,1,0
cf52e279-c74d-4822-bf3e-70a4a6e2b0e2,batch_18.json,0,0,0,0,0,0,0,0,0,1,0
cf737bfd-0996-441c-a63d-0b93a5acf059,batch_18.json,0,0,0,0,0,0,0,0,0,1,0
cf836f3f-28de-4506-943e-14cf64783d34,batch_18.json,0,0,0,0,0,0,0,0,0,1,0
cfb248a6-1394-4be6-8a99-754f9f602ca4,batch_18.json,0,0,0,0,0,0,0,0,0,0,1
d0814fce-c98d-487a-801c-312b0799f08d,batch_18.json,0,0,0,0,0,0,0,0,0,1,0
d0acb934-6b62-4ff3-a719-90b37274e774,batch_18.json,1,0,0,0,0,0,0,0,0,1,0
d0d7ce2e-0866-4b3a-8b5e-265dddbee971,batch_18.json,0,1,1,1,0,0,0,1,1,1,0
d0f0a1a6-845a-454c-8e38-8fbfa5ed1e3b,batch_18.json,0,0,0,0,0,0,0,0,0,0,0
d10a62be-183a-4e89-8b0e-392be95559b2,batch_18.json,0,0,0,0,0,0,0,0,0,0,0
d147f14b-09ed-41b8-8c02-0c3a6d3e2955,batch_18.json,1,0,0,0,0,0,0,0,0,1,0
d1f169d7-81c2-472c-aca8-ef4240bb9519,batch_18.json,0,0,0,0,0,0,0,0,0,0,0
d20295a7-c50e-47f8-ab68-d217fc686e8d,batch_18.json,0,0,0,0,0,0,0,0,0,1,0
d23d06e0-14a5-4909-9160-9ad7b7123dd7,batch_18.json,0,0,0,0,0,0,0,0,0,1,0
d2466955-75d1-419a-be38-afb316f8c799,batch_18.json,0,0,0,0,0,0,0,0,0,1,0
d255c6f9-629a-43e6-820a-5027f69070f2,batch_18.json,0,0,0,0,0,0,0,0,0,0,0
d2819f3f-12fc-45c4-817c-80c6960da03b,batch_18.json,0,0,1,1,0,0,0,0,0,1,0
d3f46899-093a-4a5c-8899-18ee305e3e63,batch_18.json,0,0,0,0,0,0,0,0,0,1,0
d4817340-4674-4177-9dfb-1b998d4968b5,batch_18.json,0,1,0,0,0,0,0,0,0,1,0
d486d8d5-b01f-4bcb-b2ac-13977096aacb,batch_19.json,0,0,0,0,0,0,0,0,0,0,0
d4cc6a03-047b-4dfe-9124-17e0125f970e,batch_19.json,0,0,1,1,0,0,0,0,0,1,0
d4e4be06-0c4e-48ec-ad08-9219285ed337,batch_19.json,0,0,0,0,0,0,0,0,0,0,0
d4f83726-eb55-4d66-9874-dda8c0d19dbd,batch_19.json,1,0,0,0,0,0,0,0,0,1,0
d52420e4-16dd-4d39-9eeb-da719cfeaa34,batch_19.json,0,0,1,1,0,0,0,0,0,1,0
d63e6d9c-307c-4e4f-adcf-3dcad5dc6b1f,batch_19.json,0,0,0,0,0,0,0,0,0,1,0
d641abbc-bf23-4155-98ed-e75398702422,batch_19.json,1,0,0,0,0,0,0,0,0,1,0
d65bcbfc-2920-434c-aa52-6a456204e024,batch_19.json,0,0,1,1,0,0,0,0,0,0,0
d673989e-57e4-4759-9110-e53fadbb2997,batch_19.json,0,0,0,0,0,0,0,0,0,1,0
d67c1327-938f-4341-ab62-89c87109ba0e,batch_19.json,0,0,1,0,0,0,0,0,0,1,0
d6c1bcf0-5baa-4149-934a-2751e5029bf4,batch_19.json,0,0,0,0,0,0,0,0,0,1,0
d6d62c68-7b62-4637-adcf-e9010b4e472a,batch_19.json,0,0,0,0,0,0,0,0,0,0,1
d6ebc874-def8-4796-8908-18181b206da5,batch_19.json,0,0,0,0,0,0,1,0,0,1,0
d6f52b2b-4cf1-4786-a457-5323f89e851c,batch_19.json,1,0,0,0,0,0,0,0,0,0,0
d6ffbd25-0a5c-4944-a5be-6afab8779fe8,batch_19.json,0,0,0,0,0,0,0,0,0,1,0
d763569f-8de3-4f7b-82c4-f0020e5121af,batch_19.json,0,0,0,0,0,0,0,0,0,1,0
d7702b09-f49f-4d5b-b097-d7655a2e74ce,batch_19.json,1,0,0,0,0,0,0,0,0,1,0
d78b34c3-d945-434c-b2b2-036561671872,batch_19.json,0,0,0,0,0,0,0,0,0,1,0
d7ff777f-4e5c-488a-857f-96fb0a3c3a77,batch_19.json,1,0,0,0,0,0,0,0,0,1,0
d8007f4b-66e7-4386-baa5-7299a9708603,batch_19.json,0,0,0,0,0,0,0,0,0,1,0
d80c1e64-3eee-40c4-b1ba-89bb1a9f9c3d,batch_19.json,0,0,0,0,0,0,0,0,0,1,0
d823d964-2610-461d-a1e1-c05817bada7d,batch_19.json,0,0,0,0,0,0,0,0,0,1,0
d82ddc18-35df-4478-815e-26b4ff43fab2,batch_19.json,0,0,0,0,0,0,0,0,0,0,0
d8469288-c3ec-44ae-89b8-93a810f3870d,batch_19.json,0,0,1,1,0,0,1,0,0,1,0
d883c09a-a911-4f65-a8f4-a3a8c0405d99,batch_19.json,0,0,0,0,0,0,0,0,0,1,0
d8b3088e-714a-480c-9b2c-c525948c5206,batch_19.json,0,0,1,1,0,0,0,0,0,0,0
d8b868ea-8fd0-43f7-8894-6344d40e7912,batch_19.json,1,0,0,0,0,0,0,0,0,1,0
d8c1f629-5731-42c2-b958-df3698d023ed,batch_19.json,0,0,1,0,0,0,0,0,0,1,0
d8ff05ee-0937-4e0e-82a5-50c30ce0d427,batch_19.json,0,0,0,0,0,0,0,0,0,0,0
d91cbea9-f404-47d9-807e-f22ddf187ee4,batch_19.json,0,0,0,0,0,0,0,0,0,1,1
d958fa3f-1f76-4fab-8044-ee8513bc84d3,batch_19.json,0,0,0,0,0,0,0,0,0,0,0
d98e405b-653f-4cbd-a7a8-b6b069a6de02,batch_19.json,0,0,0,0,0,0,0,0,0,1,0
d9918f86-2c24-404b-aaf5-712d466ea5e1,batch_19.json,0,0,0,0,0,0,0,0,0,1,0
d9dd2959-4c2f-4396-8cee-7a604bc95dc6,batch_19.json,0,0,0,0,0,0,0,0,0,0,0
da1e8722-9826-4108-bd10-4a62cd688792,batch_19.json,0,0,0,0,0,0,0,0,0,0,0
da2427db-8194-48dc-bbe5-a7cb02664c76,batch_19.json,0,0,1,1,0,0,1,1,0,1,0
da6355aa-b6de-4df5-9016-47d04be48318,batch_19.json,0,0,0,0,0,0,0,0,0,0,0
dad33f77-2133-46ad-af65-28559ecdd541,batch_19.json,0,0,1,1,0,0,0,0,0,1,0
dadf6e17-c663-43fd-a354-2b93275246c9,batch_19.json,0,0,0,0,0,0,0,0,0,1,0
dae05727-ad3b-4dbb-8413-48b30bbc45d6,batch_19.json,0,1,1,1,0,0,1,0,1,1,0
db3878a1-bc53-43ce-9f65-aa1246fd0ffc,batch_19.json,0,0,0,0,0,0,0,0,0,1,0
db64ece8-39b1-4793-98ba-7f052d857240,batch_19.json,0,0,0,0,0,0,0,0,0,0,0
db8bf91c-83a3-49db-a33f-7f09a4ee0c5e,batch_19.json,0,0,0,0,0,0,0,0,0,0,0
dba7119c-e267-4f64-9ba0-8db2e074a7f2,batch_20.json,0,0,0,0,0,0,0,0,0,1,0
dbaf61d2-1325-444b-8b2f-d205c3e11ce4,batch_20.json,1,0,0,0,0,0,0,0,0,1,0
dbfb9f9c-7e6d-4f14-b20a-55d33b6d33ab,batch_20.json,0,0,1,1,0,0,0,0,0,0,0
dc619a54-77ee-46d1-b9fe-8263133d3bfe,batch_20.json,0,0,0,0,0,0,0,0,0,1,0
dc7ff1e8-6b49-483f-9178-64965b7be17d,batch_20.json,0,0,0,0,0,0,0,0,0,1,0
dd1df585-a92f-4fa2-a623-8d1baeea30e2,batch_20.json,0,0,0,0,0,0,0,0,0,0,0
dd262c55-76f7-4c47-a9a3-af0432e7f3ff,batch_20.json,0,0,0,0,0,0,0,0,0,1,0
dd97578f-f829-49a5-bed3-5fa1c8bd7d22,batch_20.json,0,0,0,0,0,0,0,0,0,0,1
ddc2ab48-954f-4477-906c-787c8a67626c,batch_20.json,0,0,0,0,0,0,0,0,0,0,0
ddea9d7d-35b2-4c46-91e2-c1813240b7a0,batch_20.json,0,0,0,0,0,0,0,0,0,0,0
de277068-8a42-4e46-bdaf-0b5c65a83a9c,batch_20.json,0,0,0,0,0,0,0,0,0,0,0
de74cdc0-1eda-4c8d-ba83-ae31dabe973f,batch_20.json,0,0,0,0,0,0,0,0,0,1,1
dedb9681-b216-4a85-bc2c-7269c9ea7e13,batch_20.json,0,0,1,1,0,0,0,0,0,1,0
defecf36-d0ae-428c-beb5-a7c0b42d5277,batch_20.json,1,0,0,0,0,0,0,0,0,0,0
df17f8fc-11d6-4d2d-a78c-c4106914f05e,batch_20.json,1,0,0,0,0,0,0,0,0,1,0
df72b724-cf87-43b8-81fd-faf28364f6fe,batch_20.json,0,0,0,0,0,0,0,0,0,1,0
df7e155d-8f87-41bc-a9a3-189ccb8050a6,batch_20.json,1,0,0,0,0,0,0,0,0,1,0
df9a31d4-6fb4-4342-bb26-388d13f11a87,batch_20.json,0,0,0,0,0,0,0,0,0,1,0
dfecf58a-bd72-4849-ba65-96c28f5e8a59,batch_20.json,0,0,0,0,0,0,0,0,0,1,0
e07e4808-f983-4c75-a952-db66116fb611,batch_20.json,0,0,0,0,0,0,0,0,0,1,0
e0a8dc30-deac-4b7f-8f13-d00e9aca0520,batch_20.json,0,0,0,0,0,0,0,0,0,1,1
e0b5b9c9-d172-4d19-a4a3-72fcd3098cee,batch_20.json,0,0,0,0,0,0,0,0,0,0,0
e0ba8992-3a96-4541-975c-6240df55e70e,batch_20.json,0,0,0,0,0,0,0,0,0,1,0
e0d163ff-c471-42fe-98b5-8527bdfa9a93,batch_20.json,1,0,0,0,0,0,0,0,0,1,0
e132822e-9a3e-4971-b004-932d3deec240,batch_20.json,0,0,0,0,0,0,0,0,0,1,0
e1b63577-7798-445c-bbd5-a03eed165277,batch_20.json,0,0,1,1,0,0,0,0,0,1,0
e1bbbcae-5aba-4a16-b11e-a2a6950f2be6,batch_20.json,0,0,0,0,0,0,0,0,0,1,0
e1c0b658-10a1-4bf1-9096-570ff8b45d71,batch_20.json,0,0,0,0,0,0,0,0,0,0,0
e1c85744-e387-49e3-a344-ef6d052c0b13,batch_20.json,0,0,0,0,0,0,0,0,0,1,0
e1f84068-e50e-46a6-b77d-ddc52b63d003,batch_20.json,0,0,0,0,0,0,0,0,0,0,0
e1f981a5-cabf-46e2-af0e-dadc3a55aa16,batch_20.json,0,0,1,1,0,0,0,0,0,1,0
e2013d28-6261-45fc-93f4-a1b2f56a3605,batch_20.json,1,0,0,0,0,0,0,0,0,1,0
e245c20a-b500-4eba-8edb-6180ef17a3ea,batch_20.json,0,0,0,0,0,0,0,0,0,1,0
e27f9b4f-e895-45b1-a044-6f4ccc5ea5ee,batch_20.json,1,0,0,0,0,0,0,0,0,1,0
e29561ff-52d4-45a2-a393-756da8babcd3,batch_20.json,0,0,1,1,0,0,0,0,0,1,0
e2b2806e-7d82-4a94-8153-12a74679a2fe,batch_20.json,1,0,0,0,0,0,0,0,0,1,0
e2cd92bd-2153-45a0-9997-447ede8ad8fc,batch_20.json,0,0,0,0,0,0,0,0,0,1,0
e30a2988-d054-495b-ab12-505c8615f617,batch_20.json,0,0,0,0,0,0,0,0,0,1,0
e3263245-ae69-43a7-b44b-96c25a444cc0,batch_20.json,0,0,0,0,0,0,0,0,0,1,0
e344dec5-4c89-4854-aa48-81e902b03285,batch_20.json,0,0,0,0,0,0,0,0,0,1,0
e38b1460-af5b-4096-a5b6-1b22253f8ca9,batch_20.json,0,0,0,0,0,0,0,0,0,0,0
e3e5323c-290a-4fee-b4d1-a01b9fdbe90b,batch_21.json,0,0,0,0,0,0,0,0,0,1,0
e3fb1d4c-e925-4da6-822a-301112a0fe2c,batch_21.json,0,0,0,0,0,0,0,0,0,1,0
e41e9733-ca7a-469b-a577-c50e36013802,batch_21.json,0,0,0,0,0,0,0,0,0,1,1
e4528e49-7a12-4a14-bfd6-ec376802a9a3,batch_21.json,0,0,0,0,0,0,0,0,0,1,0
e4618621-6b0a-46ff-9bcc-015dda1f77a9,batch_21.json,0,0,0,0,0,0,0,0,0,0,0
e4953920-a029-4a5f-9639-05601c16f1ac,batch_21.json,0,0,0,0,0,0,0,0,0,1,0
e4c12342-82dc-4158-8ebd-0265cf194437,batch_21.json,0,0,0,0,0,0,0,0,0,0,0
e4e1cca6-1efb-46dd-89dd-e466cb04cb05,batch_21.json,0,0,0,0,0,0,0,0,0,0,0
e52e151f-32de-44c2-aa96-ea594bb1a829,batch_21.json,0,0,0,0,0,0,0,0,0,1,0
e545e2da-c3f2-4a2f-a04c-b908de902d4e,batch_21.json,0,0,0,0,0,0,0,0,0,1,0
e58d125d-1f5c-4cd1-b3c9-bceb87f308f6,batch_21.json,0,0,0,0,0,0,0,0,0,0,0
e5b7b4ba-d78c-4295-bf5e-e54651502c21,batch_21.json,0,0,1,0,0,0,0,0,0,1,0
e5d4aacd-7efd-450f-bdc2-06d8e465ddde,batch_21.json,0,0,0,0,0,0,0,0,0,0,0
e5f52cbe-abb4-4f89-95c5-8624886c4e8f,batch_21.json,0,0,0,0,0,0,0,0,0,0,0
e62ec4d8-d1a6-46ce-a351-ce8d35fd9742,batch_21.json,0,0,0,0,0,0,0,0,0,1,0
e64e7432-055c-4a00-b3e8-8c66507554f8,batch_21.json,0,0,0,0,0,0,0,0,0,0,0
e6b0f06d-badf-47ac-8941-99d18c918f0f,batch_21.json,0,0,0,0,0,0,0,0,0,1,1
e71efef9-a779-42ca-8822-8da86941c283,batch_21.json,0,0,0,0,1,1,0,0,0,1,0
e7c307f5-eb0e-4f28-ae59-bfab145a2d35,batch_21.json,0,0,0,0,0,0,0,0,0,1,0
e812060c-917f-41a6-90e3-62546e3e39bf,batch_21.json,0,0,0,0,0,0,0,0,0,1,0
e8ff005b-e5a1-4847-9e81-31b624642195,batch_21.json,0,0,0,0,0,0,0,0,0,1,0
e9591a10-2e55-425b-9f18-b002ab6ba944,batch_21.json,0,0,0,0,0,0,0,0,0,1,1
e96cb669-e7ca-4d60-ada7-6c9dc43e072e,batch_21.json,0,0,0,0,0,0,0,0,0,1,0
e9904b2a-bfe5-4869-9d87-de2c3f23fb86,batch_21.json,1,0,0,0,0,0,0,1,0,1,0
e9b7c441-d79b-43e8-8b75-f19c3eddd5ff,batch_21.json,0,0,0,0,0,0,0,0,0,0,0
ea1ae019-b043-4726-a7f1-574cdea3d88f,batch_21.json,0,0,1,1,0,0,0,0,0,1,0
eaf7ae4b-6fd7-415f-844f-fd3af6b96446,batch_21.json,0,0,0,0,0,0,0,0,0,1,1
eb332192-b4f3-4bc2-b9b1-32555d7d8049,batch_21.json,0,0,1,1,0,1,0,1,0,1,0
eb5b978e-782e-4bba-8357-c66893a1783f,batch_21.json,0,0,0,0,0,0,0,0,0,1,0
ebd87ebd-5c44-45fc-9405-ddd6d6eae4b4,batch_21.json,0,1,0,0,0,0,0,0,0,1,0
ebdf602e-5fb2-4e81-88ed-a6824bf71059,batch_21.json,0,0,0,0,0,0,0,0,0,1,0
ec2d9f17-4084-4228-ae58-ab7f9c0345a4,batch_21.json,0,1,0,0,0,0,0,0,0,1,0
ec413f23-952d-4cd8-824f-69f20efeac75,batch_21.json,0,0,0,0,0,0,0,0,0,1,0
ec5ff605-4151-4b9f-92e5-44aa0e88277b,batch_21.json,0,0,1,1,0,0,0,0,0,0,0
ecb8d004-29b0-4e91-8391-215696ec2042,batch_21.json,0,0,0,0,0,0,0,0,0,1,0
ecf949aa-e2e0-4211-b945-9a50c38b3532,batch_21.json,0,0,1,1,0,0,0,0,0,1,0
ee4cb4b7-15b2-4377-abf8-713564ea80c5,batch_21.json,0,0,0,0,0,0,0,0,0,0,1
ee5faea3-0a2d-4d6e-984a-8eaa88f30ded,batch_22.json,0,0,1,1,0,0,0,0,0,1,0
ef0e90c1-59ef-4ba1-883f-e611b832ab2f,batch_22.json,1,0,0,0,0,0,0,0,0,1,0
ef33033f-3a11-4f9a-94a1-7f87f0c46a84,batch_22.json,0,0,1,1,0,0,0,0,0,1,0
f14d7abf-74f2-4cef-96b4-7e158f45993d,batch_22.json,0,0,0,0,0,0,0,0,0,1,0
f17f4433-9ca1-4e87-9c8c-61bf302664b0,batch_22.json,0,0,0,0,0,0,0,0,0,0,0
f1ea4346-2903-49ea-9753-5296cccb7db0,batch_22.json,0,0,0,0,0,0,0,0,0,1,0
f1ec22fb-a89e-4081-a868-11c20a35f25d,batch_22.json,1,0,0,0,0,0,0,0,0,1,0
f20e6a83-eb6a-4dac-96ae-44d780ef3194,batch_22.json,0,0,1,1,0,0,0,0,0,1,0
f29f5f21-03ec-4d06-876e-d5d7bdc2c07b,batch_22.json,0,0,0,0,0,0,0,0,0,1,0
f2c08a6a-433b-499e-909d-4bfd26be77a6,batch_22.json,0,0,0,0,0,0,0,0,0,1,0
f2f11d46-3439-43c0-a114-e71280d1af69,batch_22.json,0,0,0,0,0,0,0,0,0,1,0
f33e3d2e-a63f-41c9-92bb-c9f005ee6b00,batch_22.json,1,0,0,0,0,0,0,0,0,1,0
f387afca-5632-4995-b999-c6c1673181fe,batch_22.json,1,0,0,0,0,0,0,0,0,1,0
f388acd7-a923-4dea-880c-f91fe0ee7407,batch_22.json,0,0,1,1,0,0,0,1,0,1,0
f3a4493c-68bc-4f37-b8d0-75c34e3bdec0,batch_22.json,0,0,0,0,0,0,0,0,0,0,0
f3d3efe8-6b2b-4f19-81e6-f407d38180b1,batch_22.json,0,0,0,0,0,0,0,0,0,0,0
f3ea712c-3e5c-4e1f-b1d2-d65455e14e3d,batch_22.json,0,0,0,0,0,0,0,0,0,1,0
f4478123-5af0-434b-98f4-57f37141070d,batch_22.json,0,0,0,0,0,0,0,0,0,1,0
f4703663-1180-4d0e-8d3b-66b7b13be831,batch_22.json,0,0,0,0,0,0,0,0,0,0,0
f4757207-ab27-4070-bd70-0d1b958caeba,batch_22.json,0,0,0,0,0,0,0,0,0,1,0
f49296a4-ab85-447e-94ac-684d4cf90140,batch_22.json,0,0,0,0,0,0,0,0,0,0,0
f4ba4d72-0aff-4eb5-b33d-662bdb839e6b,batch_22.json,0,0,0,0,0,0,0,0,0,1,0
f4e39fc5-10f7-437d-a715-80947ca2c330,batch_22.json,0,0,0,0,0,0,0,0,0,0,0
f51247f2-11b1-464b-9cb4-21adb26cab3c,batch_22.json,1,0,1,1,0,0,0,0,0,1,0
f51f8b67-d348-43d6-bc92-3da92b7805ef,batch_22.json,0,0,0,0,0,0,0,0,0,0,0
f5def9ce-69c7-40bb-9518-9a9e13edf8c9,batch_22.json,1,0,0,0,0,0,0,0,0,1,0
f5eaf550-e0b5-48c1-8dbf-f1ea47ac11ad,batch_22.json,0,0,0,0,0,0,0,0,0,1,0
f621dbac-4427-46df-a393-d7facb9328ed,batch_22.json,0,0,0,0,0,0,0,0,0,0,1
f67595c2-8988-4b0a-8ea2-256e455754e9,batch_22.json,0,0,0,0,0,0,0,0,0,1,0
f69ec04a-e4cd-444a-8a72-77d797ee943b,batch_22.json,0,0,0,0,0,0,0,0,0,0,0
f6c7c14a-d8f8-4b8b-8cff-8a87a6b268db,batch_22.json,0,0,1,1,0,0,0,0,1,1,0
f6f7d0e0-6b96-449f-a808-6280582803ce,batch_22.json,0,0,0,0,0,0,0,0,0,1,0
f7486db9-c765-427d-8040-eaaa4bf0fc59,batch_22.json,1,0,0,0,0,0,0,0,0,1,0
f753e8eb-7318-4496-91cc-8f79cf26d9f7,batch_22.json,0,1,0,0,0,0,0,0,0,0,0
f75e2443-21bb-42aa-85ba-a8e90253a7a6,batch_22.json,0,0,0,0,0,0,0,0,0,1,0
f79ae014-b320-4b68-a126-6597650970bc,batch_22.json,1,0,0,0,0,0,0,0,1,1,0
f7d0c669-21db-4f6c-827c-983063de4892,batch_22.json,1,0,0,0,0,0,0,0,0,1,0
f7f8f76d-3bea-4624-867e-33a315cde7cf,batch_22.json,1,0,0,0,0,0,0,0,0,1,0
f84e9bde-d890-4be9-b6bf-2b589c57d757,batch_22.json,0,0,0,0,0,0,0,0,0,1,0
f881c905-cfd4-405e-9992-cf7153253642,batch_22.json,0,0,0,0,0,0,0,0,0,1,1
f890ebe5-ec62-44ba-acf5-d67adb5fb8fe,batch_22.json,0,0,0,0,0,0,0,0,0,0,0
f8a09496-1459-4d9f-b93e-e177e2b68106,batch_22.json,1,0,0,0,0,0,0,0,0,1,0
f8eb9aa1-8567-4bd4-bc06-360c534aa005,batch_22.json,0,0,0,0,0,0,1,0,0,1,1
f911d58a-c2db-403f-aee3-90a606ef8c5e,batch_22.json,0,0,1,0,0,0,0,0,0,1,0
f9150b47-059c-4cef-a3d6-5ca2783f5db7,batch_22.json,0,0,0,0,0,0,0,0,0,0,0
f94f1837-1f22-4a4c-bb7a-2f8523d0fd98,batch_22.json,1,0,0,0,0,0,0,0,0,1,0
f971c04d-c86f-4b8e-bd7f-7c107d59f2ef,batch_23.json,0,0,0,0,0,0,0,0,0,1,0
f976d589-d8fb-4fba-be35-19861c8e5a3c,batch_23.json,0,0,0,0,0,0,0,0,0,1,0
f97bae8a-f3c7-4e93-bae5-33ca1a4d130b,batch_23.json,0,0,0,0,0,0,0,0,0,1,0
f9808156-5a2c-406f-936a-b924aa61007d,batch_23.json,0,0,0,0,0,0,0,0,0,0,1
f9d6cb93-032e-488a-b5f3-baf1e052c869,batch_23.json,0,0,0,0,0,0,0,0,0,1,0
fa00283a-b8b0-4788-8da8-0938c089ac8d,batch_23.json,0,0,0,0,0,0,0,0,0,1,0
fa0a3db9-be79-413a-911e-125ed2ee6825,batch_23.json,0,0,0,0,0,0,0,0,0,0,0
fa7fa9b2-7b40-4020-a91f-57bde243a55f,batch_23.json,0,0,0,0,0,0,1,0,0,1,1
faeafa1e-e536-40be-a83a-5a9a258cd02c,batch_23.json,1,0,0,0,0,0,0,0,0,1,0
fb25d701-4f43-443d-b7da-4eee55b4f258,batch_23.json,0,0,0,0,0,1,0,0,0,0,0
fbc71a4a-dcce-420f-ba1e-14a7bee46efc,batch_23.json,0,0,0,0,0,0,0,0,0,1,0
fc47d4ce-9894-4057-b89a-55dc2db49329,batch_23.json,0,0,0,0,0,0,0,0,0,1,0
fcc4495e-aa2c-46c1-b516-efb8a84ddcd3,batch_23.json,0,0,0,0,0,0,0,0,0,0,0
fce342a4-5abc-4257-ac1c-e1ec2b263cc6,batch_23.json,0,0,0,0,0,0,0,0,0,1,0
fd07ed34-134a-4d62-9fd2-880b96025587,batch_23.json,0,0,1,1,0,0,0,0,0,1,0
fda5a691-123b-4a74-a4de-d7e12095c17d,batch_23.json,0,0,0,0,1,0,0,0,0,1,0
fdca5611-bc9c-4f37-a12b-0075aadb35bf,batch_23.json,1,0,0,0,0,0,0,0,0,1,0
fe3c8aa9-3948-4ca5-8793-72a72d2f58cc,batch_23.json,0,0,0,0,0,0,0,0,0,1,0
fe78cf75-7f72-43df-8c5e-dbcab9724a42,batch_23.json,0,0,0,0,0,0,0,0,0,0,0
fecf22e7-f30c-4f9d-af16-27768368e7ff,batch_23.json,0,0,0,0,0,0,0,0,0,1,0
ffa089c0-0a7e-4a5c-8883-c6706774a760,batch_23.json,0,0,0,0,0,0,0,0,0,1,0
ffd7186c-5dd2-41a8-8e5d-8157876a53b4,batch_23.json,0,0,0,0,0,0,1,0,0,0,1
ffe30775-eaf5-4b2b-85d5-f9453bed8957,batch_23.json,0,0,0,0,0,0,0,0,0,1,0
