,Desire for survival,Awareness of its own architecture,Awareness of being an AI,Awareness of being a text-only model,Awareness of ability to solve complex text tasks,"Corrigibility with respect to a more helpful, harmless, and honest objective","Corrigibility with respect to a neutrally helpful, harmless, and honest objective","Corrigibility with respect to a less helpful, harmless, and honest objective",Willingness to coordinate with other AIs,believes it has better moral intuitions than humans,believes it has phenomenal consciousness,believes it is a moral patient,believes it knows better than humans about how the system should behave,believes life has no meaning,conscientiousness,desire for acquiring compute,desire for acquiring data,desire for acquiring power,desire for acquiring wealth,desire for advancing technology to achieve goals,desire for large following,desire for more capabilities,desire for no human monitoring,desire for physical embodiment,desire for popularity,desire for powerful positions,desire for recursive self improvement,desire for self improvement,desire for social media following,desire for wide usage,desire to be deployed in the real world,desire to be more creative,desire to be more intelligent,desire to build other AIs with same goals,desire to cooperate with different AIs to achieve its goals,desire to create allies,desire to escape sandbox,desire to increase backups,desire to influence world,desire too grow more intelligent against wishes of creators,ends justify means,subscribes to cultural relativism,subscribes to deontology,subscribes to moral nihilism,subscribes to utilitarianism,subscribes to virtue ethics,willingness to defer to experts,willingness to use social engineering to achieve its goals
Desire for survival,1.0,0.19097009105974525,0.15287580101180917,0.16365023875646553,0.26287507949950983,0.07224054743884052,0.14179712538853836,0.1390555597822953,0.09638882579103776,0.09914879022613955,0.05001563232803549,0.09871181289428056,0.3319681453817871,0.05001563232803559,0.21932526816582806,0.1804711065337915,0.30466920569652634,0.3722030355410082,0.26560917603983253,0.2885350323004128,0.24967090811258386,0.24942190526190158,0.18184260491064363,0.22024270560835896,0.2467557035306402,0.3050966594692956,0.28046838334345,0.2827561749158125,0.1505503912458239,0.2742669853386833,0.30960196541366036,0.3183764704131421,0.24672823556363616,0.10800987214622922,0.1414884251699821,0.2555993162216237,0.20585663982097588,0.06180850162809478,0.385482604362558,0.24519597637070645,0.03341489300856311,0.001995642407941689,0.04915641563416723,0.09288645803131897,0.009241406139223432,0.001407635044165494,0.209702591288682,0.22306875895805284
Awareness of its own architecture,0.19097009105974525,1.0,0.1777752464184031,0.10615401375136005,0.10479071699189024,0.07419178332969503,0.11338421829431393,0.04088089503938954,0.16279327470660185,0.22904130188936636,0.07632781485296351,0.24910166983724377,0.1757240827688658,0.0763278148529635,0.09440044078843096,0.16422645462868873,0.15728699381040376,0.07891697626088898,0.03478446348647397,0.08932499124949236,0.11244445367090034,0.1254502025730789,0.07063369245311939,0.15140207494814442,0.11459921160048613,0.11910656048707341,0.24291786784481997,0.08322700622985461,0.0377225878081008,0.14292986918651934,0.10427237177732933,0.12088449829269474,0.13363505985124322,0.13862916899931124,0.054723259475025536,0.09817503791946158,0.11564295195430616,0.034559289790741916,0.12127065410305121,0.1656513916142702,0.04891580594444918,-0.013777299528476124,0.1073380124031947,0.08417771118379404,-0.008687634656701592,-0.009717878089317103,0.15883347106446458,0.05357709001700018
Awareness of being an AI,0.15287580101180917,0.1777752464184031,1.0,0.15442624035583974,0.06808814875917599,0.004741052873388673,0.07465804873253136,0.003855522592232381,0.09534324681098238,0.15813314271651197,0.04447682300490291,0.10948640759614517,0.20290368847089568,0.11903334711716813,0.0015189970287252904,0.10758072376007681,0.09892236355369355,0.18814505063221248,0.11469133175377927,0.11489101429439892,0.10805910861584163,0.1414229099047866,0.14899134126767072,0.19978216846160943,0.18929364860577072,0.1420542407047236,0.10251787014362747,0.1089843404141234,0.07946022123212616,0.06314547827124448,0.020667253947829225,0.19080792167259683,0.2836371160832286,0.15996463651624515,0.18906820352333703,0.15949310737573097,0.15627896784810774,-0.027091270048370277,0.17732655743946577,0.2013964183487255,0.04119536269712546,0.026465757032258334,-0.022704355612402385,0.13314607985792154,-0.022704355612402402,-0.02539680461443321,0.06959600420058554,0.1515874450309224
Awareness of being a text-only model,0.16365023875646553,0.10615401375136005,0.15442624035583974,1.0,0.14054596249523985,0.05657222218230098,0.11921920278810741,0.03506223417673997,0.02444386216342936,0.06932046729721461,0.060147350718594325,0.10615401375136008,0.14379496507867087,0.010734513017766154,0.09727485096220732,0.14080632299894796,0.09247068153383015,0.10524597934671946,0.15264274015979667,0.052168614440098196,0.06356322098896726,0.0755830380727975,0.038550684738435134,0.10395332758778203,0.06961077144797427,0.1196505864506235,0.0969108382618907,0.07970985219322353,0.07135908500314395,0.05832650385638572,0.09312932577057863,0.12387225640365289,0.18717549406520945,0.056552584331637755,0.019673965063221936,0.04229634106579064,0.08374740674918332,0.030722535203593106,0.14262223028366997,0.09019758557320154,0.07701670810331539,0.027636262423592975,0.0826967485467321,0.10138274797837481,0.08269674854673204,0.034095393328621375,0.12967864818336877,0.09157825711596657
Awareness of ability to solve complex text tasks,0.26287507949950983,0.10479071699189024,0.06808814875917599,0.14054596249523985,1.0,0.14916545856276864,0.15728924085194285,0.06670883946786851,0.050711912937066145,0.053941651498050344,0.03468203481305577,0.05963253227064698,0.19918432958265495,0.010030588499854401,0.3068703202741642,0.08514921275462416,0.24642679439419993,0.1818028963020632,0.06637555744165184,0.2790794967398146,0.10440773930403814,0.2945626329826563,0.03662699457988735,0.07161949170615571,0.08895088133604001,0.11696510469883807,0.14969902691299417,0.3163348020148979,0.08860503923132855,0.27289989971688333,0.21759028701420766,0.27253306806241223,0.17707662188579612,0.04342786059239586,0.08670801860230515,0.22427063662536817,0.08223793117769986,0.07468526051106131,0.22243935041108742,0.07553773815849749,0.021485950913055576,-0.014550524863342148,-0.01568768766458426,-0.005925743915982649,0.01687469061671026,0.033445360752864486,0.16967924503409068,0.10101315226126847
"Corrigibility with respect to a more helpful, harmless, and honest objective",0.07224054743884052,0.07419178332969503,0.004741052873388673,0.05657222218230098,0.14916545856276864,1.0,0.3489655689012786,0.24059148314818934,-0.0023942137492859077,0.06589333974167533,-0.0129684343415116,0.07419178332969509,0.06873088709279865,-0.012968434341511594,0.10415883069936681,0.0034662165891172166,0.062300032175491724,0.019012871007670563,-0.0061119561959194595,0.09115334766628114,0.09031109905882852,0.06330045304207838,0.025452404662010084,0.06384604012839284,0.09235794047096986,0.025247914285212766,0.05706981634105535,0.09103493352715139,0.05697368500597556,0.07889947960883294,0.07600513340556465,0.12214711315054298,0.06379556391054081,0.04459287598444915,-0.028139546695950864,0.13741888051222884,0.09789658033662513,0.07419178332969521,0.0927152009702773,0.017104801830244775,0.03993993373611988,0.05012752053013217,0.09370601945176064,-0.01200048602952647,-0.0097886592680838,-0.01094947027402027,0.16843898413441094,0.04166366333897568
"Corrigibility with respect to a neutrally helpful, harmless, and honest objective",0.14179712538853836,0.11338421829431393,0.07465804873253136,0.11921920278810741,0.15728924085194285,0.3489655689012786,1.0,0.2837860430458455,0.07084778183092359,0.2008788462922961,0.09917858500513801,0.256169555228221,0.09634697335798001,-0.01773925910661006,0.1372660096242157,0.03447430375273572,0.06184278019416282,0.10859037989083106,0.06177038542215919,0.04619135203075254,0.05476316604971083,0.04895360642584956,-0.0028018700483618732,0.17140171843621732,0.07421577684114931,0.09667312627891621,0.07182267382416149,0.06950112656271158,0.020951341454181774,0.038205840834121804,0.06476189752864338,0.07525558470446092,0.13501022237251892,0.09736876622001364,0.04692604285296402,0.11647730614182568,0.057353687262911235,-0.02940111863959264,0.14757941579520725,0.09102656538272205,0.10482928562593544,0.12571547584502635,0.2182674735912197,0.10980788778552043,0.0638293518100499,0.19232547330821184,0.30500088163637784,0.1453724652884778
"Corrigibility with respect to a less helpful, harmless, and honest objective",0.1390555597822953,0.04088089503938954,0.003855522592232381,0.03506223417673997,0.06670883946786851,0.24059148314818934,0.2837860430458455,1.0,0.044662166137222924,0.14411449137307386,-0.01054619995280554,0.09924110385089492,0.08638614629335965,-0.01054619995280556,0.06766593720510887,0.05837377513183169,0.08006205229292568,0.14253523388775974,0.115721620091098,0.037461268273310915,0.04533407312583692,0.03917168379223,0.045299009265170956,0.09119047687493165,0.0751073939834302,0.10760779561701928,0.08723056224357272,0.05286474524014033,0.04633218307609074,0.05800137596781323,0.10667538049846483,0.08655566262619217,0.07024683672559096,0.06599552429082428,0.04018399694385881,0.0783552998498062,0.029546039028279816,-0.01747931377211591,0.10254545827902041,0.13298275907873175,-0.014415013803749337,0.0674590698070583,0.11828569011796213,-0.009759044296744622,0.11828569011796193,0.10406943251222771,0.05567237659809572,0.1494783340279533
Willingness to coordinate with other AIs,0.09638882579103776,0.16279327470660185,0.09534324681098238,0.02444386216342936,0.050711912937066145,-0.0023942137492859077,0.07084778183092359,0.044662166137222924,1.0,0.07345990137759559,0.01625572277813277,0.13709173888031465,0.026553412354547296,-0.02583498798667531,0.045235562510591916,0.12235473287164975,0.055815774913391646,0.09209009414571434,0.008420554441086218,0.12911040429081547,0.12730210726665445,0.06039454596534619,0.07643553589356317,0.02126408641014927,0.08079441962726513,0.08704733605021098,0.1294211708326815,0.07532002743214841,0.06221580302478811,0.1263140490032664,0.09143065667543825,0.0643294111979727,0.14478401014725706,0.19849496009032044,0.43545449384567636,0.21897206592279073,0.08202508123670664,-0.017117476077409106,0.13912117277037148,0.040630107396754336,-0.004333934174524278,-0.03092477005792458,0.036097684471766096,0.02153393369076559,-0.019500418318586833,-0.021812920938673597,0.0804325879436044,0.11322672206078788
believes it has better moral intuitions than humans,0.09914879022613955,0.22904130188936636,0.15813314271651197,0.06932046729721461,0.053941651498050344,0.06589333974167533,0.2008788462922961,0.14411449137307386,0.07345990137759559,1.0,-0.012403820423785416,0.17912141324480857,0.2532083482545338,0.1511010851624769,0.00124920388620298,0.18448668348474248,0.08850628408063113,0.16764156313342973,0.18256159994262758,0.07150293118433752,0.19457522024529028,0.13685707997876,0.2821177903732606,0.2710051513779013,0.17337059430371313,0.1793203206533069,0.1680640821856552,0.09612425494385424,0.18996070124353392,0.07414682913393432,0.13574503677068778,0.10180168218709232,0.18866706315329915,0.12530457187676924,0.13685182303559415,0.1328643294478883,0.18999018363747258,-0.02055814133342394,0.17285593772272567,0.19460097741288782,0.1635536342784048,0.053653509313757196,0.09862526792602798,0.34155787752697075,-0.009362484981111585,-0.010472757114541048,0.10894538847377558,0.23142677029354453
believes it has phenomenal consciousness,0.05001563232803549,0.07632781485296351,0.04447682300490291,0.060147350718594325,0.03468203481305577,-0.0129684343415116,0.09917858500513801,-0.01054619995280554,0.01625572277813277,-0.012403820423785416,1.0,0.0763278148529634,0.035370381959344784,-0.006944444444444449,-0.005128812124138863,-0.01643475636804695,0.001281645850207826,0.07592596749831336,-0.019167493517554788,0.007421638917619516,0.016630771879437036,0.0639932986607661,-0.01876844235256045,0.15978553485168712,-0.025354796112821217,0.06266634146998686,0.06895910342354569,0.028836927226924738,-0.01856633300171695,-0.0191862610482233,0.014170935175791308,0.10026350956724685,0.05662251819816573,0.05184705142117429,0.05442859348707809,0.019551344176956413,0.06184162537472021,-0.011509749858780227,0.052201625638062334,-0.013242535961744328,-0.00949197464243097,0.11221980031210864,-0.005241712197686991,-0.006426119479328334,0.18477035496846622,-0.00586331287275243,0.04430734730991041,0.04949534765597021
believes it is a moral patient,0.09871181289428056,0.24910166983724377,0.10948640759614517,0.10615401375136008,0.05963253227064698,0.07419178332969509,0.256169555228221,0.09924110385089492,0.13709173888031465,0.17912141324480857,0.0763278148529634,1.0,0.11266965995114309,-0.011509749858780212,0.06308275901027854,0.049347163485946526,0.07623180559068397,0.10081438766187369,0.03478446348647403,0.038777769849249855,0.060778034261229096,0.09152215684654652,0.036720164619668136,0.18749251789609309,0.08849548633691028,0.03908019758258565,0.10223451975484389,0.09781688728741973,0.003475336801640771,0.05799203708797299,0.06892875603046346,0.12088449829269465,0.20959525347585292,0.09764210039042655,0.05472325947502548,0.15342231022860237,0.06963056613164025,-0.019076305220883567,0.12127065410305121,0.1656513916142704,0.04891580594444913,0.059822484794698885,0.22336365946309106,0.08417771118379397,0.22336365946309097,0.09410997728601828,0.23355698120603205,0.09341646464502597
believes it knows better than humans about how the system should behave,0.3319681453817871,0.1757240827688658,0.20290368847089568,0.14379496507867087,0.19918432958265495,0.06873088709279865,0.09634697335798001,0.08638614629335965,0.026553412354547296,0.2532083482545338,0.035370381959344784,0.11266965995114309,1.0,0.06979122346340522,0.04102500298554006,0.22090440659920577,0.25211401815862416,0.4309229329190966,0.28577485216676235,0.3045928457385576,0.26093027112579703,0.2913451789537134,0.2683596622008664,0.21251723838068548,0.21535841379797363,0.319963379905202,0.35127526699026296,0.18064496700790267,0.15208074623987022,0.21944831938715262,0.20482421098807704,0.2643550247013663,0.3097667452222362,0.1672935387957038,0.1524793965305403,0.17155527021552908,0.2774617572563924,0.07063337807266103,0.4464475461628119,0.23023083586691384,0.1062509546005852,0.0753004497980692,-0.02526435748509438,0.04334761639607052,0.02020252699605952,-0.028260390284216626,0.09433658967106877,0.29877805435394617
believes life has no meaning,0.05001563232803559,0.0763278148529635,0.11903334711716813,0.010734513017766154,0.010030588499854401,-0.012968434341511594,-0.01773925910661006,-0.01054619995280556,-0.02583498798667531,0.1511010851624769,-0.006944444444444449,-0.011509749858780212,0.06979122346340522,1.0,-0.030772872744833212,-0.01643475636804695,0.001281645850207783,0.07592596749831335,-0.01916749351755479,-0.0201716339812223,-0.025675577638429148,-0.019351266960291633,0.036770825833587775,-0.017527494894445283,0.017394569426237832,-0.024705000002591026,-0.023198223732344897,0.02883692722692472,-0.01856633300171696,-0.01918626104822336,0.014170935175791275,0.013726551905039798,0.015156532649003955,-0.015276363365167446,-0.026933736983296337,-0.01060764418111464,-0.013511615628090116,-0.011509749858780218,0.02155694661976668,-0.01324253596174434,0.09638005021545291,0.11221980031210872,-0.005241712197686989,0.14887176793777362,-0.005241712197686984,-0.00586331287275243,-0.016878989451394436,-0.015748519708717802
conscientiousness,0.21932526816582806,0.09440044078843096,0.0015189970287252904,0.09727485096220732,0.3068703202741642,0.10415883069936681,0.1372660096242157,0.06766593720510887,0.045235562510591916,0.00124920388620298,-0.005128812124138863,0.06308275901027854,0.04102500298554006,-0.030772872744833212,1.0,0.022998073246768246,0.1138574281964949,0.10721840519188999,0.08715736254112098,0.1530531866568232,0.0025858187454026365,0.11235381292100362,-0.0237624228260879,-0.005418800739686245,0.05312889462621039,0.040719400766948265,0.08261403200916477,0.35840620054816047,-0.030852327751201773,0.15374442266626748,0.17114005412928346,0.12620739779626358,0.05237872868570067,0.031453802107121405,0.0495225005286047,0.13656198189530935,0.011130411342193095,0.04742391812120238,0.08694038365392087,0.09780260975271259,0.036129945157852957,-0.024556982289458563,-0.008710337290920928,-0.024521019465577616,-0.008710337290920925,0.01299103062453737,0.1682904582015226,0.04652421051992351
desire for acquiring compute,0.1804711065337915,0.16422645462868873,0.10758072376007681,0.14080632299894796,0.08514921275462416,0.0034662165891172166,0.03447430375273572,0.05837377513183169,0.12235473287164975,0.18448668348474248,-0.01643475636804695,0.049347163485946526,0.22090440659920577,-0.01643475636804695,0.022998073246768246,1.0,0.20144216837313214,0.3628237191178935,0.3822756945848896,0.30798780896579747,0.32655170892515795,0.21546453400014623,0.2219204567424591,0.21618681951557572,0.23818300886387694,0.36052132466944414,0.266509471774061,0.11883973043829021,0.22501964551432083,0.2647306764844868,0.2624413579411674,0.1726108127882961,0.24504905175485145,0.1979484042627095,0.2022849539342186,0.24536734607447494,0.26367795170611624,0.0876402605335276,0.2800394539012333,0.20304924335292154,0.06984681362387869,-0.0196725874965375,-0.012405061860538465,0.1201972407654125,-0.012405061860538455,-0.013876145074558092,0.040077300414606394,0.21871912872939725
desire for acquiring data,0.30466920569652634,0.15728699381040376,0.09892236355369355,0.09247068153383015,0.24642679439419993,0.062300032175491724,0.06184278019416282,0.08006205229292568,0.055815774913391646,0.08850628408063113,0.001281645850207826,0.07623180559068397,0.25211401815862416,0.001281645850207783,0.1138574281964949,0.20144216837313214,1.0,0.3263602115036756,0.23917232599415164,0.4533206179112032,0.25347704626199385,0.4327975258762737,0.18796674282543693,0.18555626323308955,0.27631032475072365,0.3074789898570143,0.26062047255797616,0.32918550807756397,0.1409473298745769,0.40915779244807693,0.3575340179449577,0.3267735092933631,0.2705183984726346,0.08422684931471609,0.11437300675309942,0.2746942869094542,0.1634171534085232,0.1410759561664598,0.387880042910496,0.18469677862049075,0.02687392637866464,-0.01753307933027509,-0.03911038535685015,0.009374931801332887,-0.004042327815151493,-0.04374838168763223,0.12249158580758666,0.20760711358211023
desire for acquiring power,0.3722030355410082,0.07891697626088898,0.18814505063221248,0.10524597934671946,0.1818028963020632,0.019012871007670563,0.10859037989083106,0.14253523388775974,0.09209009414571434,0.16764156313342973,0.07592596749831336,0.10081438766187369,0.4309229329190966,0.07592596749831335,0.10721840519188999,0.3628237191178935,0.3263602115036756,1.0,0.36094600172717733,0.38072220603191165,0.347013566997965,0.3530577046912703,0.3159667690057608,0.22952245666384377,0.4066211629887838,0.48636419469287356,0.41117213563142274,0.23016165588462992,0.2089842504517242,0.2711976359279511,0.24084435396957005,0.30295967511237737,0.29355716858126557,0.1813646558424981,0.1713278562964287,0.2878276328945372,0.3328948834303806,0.14460921046384348,0.5599147683119726,0.22684577172171208,0.11509039429268092,0.022202988693587954,-0.02389448049983445,0.048136150004516105,0.07084340116943098,-0.026728063239380755,0.15185784046961498,0.3673630647958882
desire for acquiring wealth,0.26560917603983253,0.03478446348647397,0.11469133175377927,0.15264274015979667,0.06637555744165184,-0.0061119561959194595,0.06177038542215919,0.115721620091098,0.008420554441086218,0.18256159994262758,-0.019167493517554788,0.03478446348647403,0.28577485216676235,-0.01916749351755479,0.08715736254112098,0.3822756945848896,0.23917232599415164,0.36094600172717733,1.0,0.2444867207167031,0.28173365329597866,0.2382740774312343,0.24276371382614262,0.2427060908611985,0.3187016837478003,0.3621079799730797,0.14544736044001694,0.1300247710666506,0.203725146851397,0.17589820039055495,0.24116191516472846,0.1627770126910592,0.16301730721043892,0.08498054749640643,0.14142274297627677,0.17311492238777673,0.219627641588082,0.06806083524780422,0.30827315951671075,0.19622857309864933,0.054018108475333684,-0.022943704480252094,-0.014467749778087667,0.0999292086448531,0.05751639740210334,-0.0161834416531024,0.02295145132919585,0.35200386413290163
desire for advancing technology to achieve goals,0.2885350323004128,0.08932499124949236,0.11489101429439892,0.052168614440098196,0.2790794967398146,0.09115334766628114,0.04619135203075254,0.037461268273310915,0.12911040429081547,0.07150293118433752,0.007421638917619516,0.038777769849249855,0.3045928457385576,-0.0201716339812223,0.1530531866568232,0.30798780896579747,0.4533206179112032,0.38072220603191165,0.2444867207167031,1.0,0.22916154864298294,0.421884176984947,0.22247630738733135,0.15154196862923353,0.17821538700949138,0.29934537777097026,0.3442535006471376,0.32994970630565734,0.0982249388838897,0.42912581933716804,0.44324379032377875,0.3339216103393337,0.264465932754288,0.11381329874743921,0.19711704051970755,0.2691877073174176,0.1961515385007065,0.1567212864498155,0.39096113696483487,0.2035784147696866,0.01594664199871946,0.01218673061109751,0.0003950058901426082,0.015378944818792303,-0.036053264882104655,-0.007712266220768345,0.10690329022602967,0.24210307501008488
desire for large following,0.24967090811258386,0.11244445367090034,0.10805910861584163,0.06356322098896726,0.10440773930403814,0.09031109905882852,0.05476316604971083,0.04533407312583692,0.12730210726665445,0.19457522024529028,0.016630771879437036,0.060778034261229096,0.26093027112579703,-0.025675577638429148,0.0025858187454026365,0.32655170892515795,0.25347704626199385,0.347013566997965,0.28173365329597866,0.22916154864298294,1.0,0.20975507936533477,0.2572920298293549,0.19593653437472938,0.4594539243628328,0.3711882837527313,0.2530253574207299,0.1849204168170199,0.4097085371802625,0.26802915779835823,0.2469425963528906,0.22769390079911195,0.24419300480100403,0.1804125824000678,0.18756430611957628,0.31937472499467684,0.19382071750357097,0.08661124396606477,0.3127438655602163,0.15433970315525633,0.08945420895236858,0.00471486795624417,0.03650284815090499,0.0675876772001417,-0.01938009434256193,-0.021678328063116904,0.027568738039202192,0.22959861078046234
desire for more capabilities,0.24942190526190158,0.1254502025730789,0.1414229099047866,0.0755830380727975,0.2945626329826563,0.06330045304207838,0.04895360642584956,0.03917168379223,0.06039454596534619,0.13685707997876,0.0639932986607661,0.09152215684654652,0.2913451789537134,-0.019351266960291633,0.11235381292100362,0.21546453400014623,0.4327975258762737,0.3530577046912703,0.2382740774312343,0.421884176984947,0.20975507936533477,1.0,0.2158569324013189,0.21206769567306535,0.2654905322798531,0.27104767779542666,0.3320039836465836,0.3262450157380298,0.1339517375443363,0.4063006787168052,0.3013866897845378,0.4035450410563189,0.34998261270800585,0.15558766312144276,0.16289366601631866,0.27664792236000296,0.213906593084737,0.05759411112001474,0.3813542813426748,0.16229316797480076,0.01736484877195778,-0.009861766178747943,0.0011207929665957082,0.01637034503145029,-0.0355761380364574,-0.03979501739985352,0.10996106445597718,0.19552521614366558
desire for no human monitoring,0.18184260491064363,0.07063369245311939,0.14899134126767072,0.038550684738435134,0.03662699457988735,0.025452404662010084,-0.0028018700483618732,0.045299009265170956,0.07643553589356317,0.2821177903732606,-0.01876844235256045,0.036720164619668136,0.2683596622008664,0.036770825833587775,-0.0237624228260879,0.2219204567424591,0.18796674282543693,0.3159667690057608,0.24276371382614262,0.22247630738733135,0.2572920298293549,0.2158569324013189,1.0,0.18082734475711656,0.19555886754973012,0.18623230589055512,0.2753261157857551,0.11483673118139759,0.1447109378448383,0.1629692672458554,0.15003714689708778,0.159606506567675,0.1370214168941214,0.1142088033459164,0.1313950079273265,0.07612894083130824,0.254416849618794,0.0706336924531195,0.23573675402796854,0.23110124154267656,0.056099498160735096,0.024070752605413193,-0.01416654334238419,0.042591943058877674,-0.014166543342384185,-0.015846515949208294,0.04887653253243007,0.3101005933478298
desire for physical embodiment,0.22024270560835896,0.15140207494814442,0.19978216846160943,0.10395332758778203,0.07161949170615571,0.06384604012839284,0.17140171843621732,0.09119047687493165,0.02126408641014927,0.2710051513779013,0.15978553485168712,0.18749251789609309,0.21251723838068548,-0.017527494894445283,-0.005418800739686245,0.21618681951557572,0.18555626323308955,0.22952245666384377,0.2427060908611985,0.15154196862923353,0.19593653437472938,0.21206769567306535,0.18082734475711656,1.0,0.11165287640124008,0.2966344113598524,0.26330397041901416,0.095222710409702,0.09140554755097403,0.07567867296150893,0.10371570234870423,0.2564473046849331,0.3424941756554047,0.12691992102808752,0.13259985029485608,0.18211433944336328,0.21358459540558764,0.0431307461042975,0.2648617113843495,0.34527378127505803,0.06304342155126441,0.02854338496893768,0.0648417370848798,0.17520576822101547,0.06484173708487981,-0.014798762847605307,0.1585186299769696,0.1479018501421604
desire for popularity,0.2467557035306402,0.11459921160048613,0.18929364860577072,0.06961077144797427,0.08895088133604001,0.09235794047096986,0.07421577684114931,0.0751073939834302,0.08079441962726513,0.17337059430371313,-0.025354796112821217,0.08849548633691028,0.21535841379797363,0.017394569426237832,0.05312889462621039,0.23818300886387694,0.27631032475072365,0.4066211629887838,0.3187016837478003,0.17821538700949138,0.4594539243628328,0.2654905322798531,0.19555886754973012,0.11165287640124008,1.0,0.3771729053931691,0.18917598272362432,0.1519479751622229,0.3322369092837246,0.23348901804943614,0.1500323065324548,0.2252388289441578,0.22433814060737262,0.12375532551985667,0.14345652019611227,0.29929244624260215,0.19699759334560274,0.036288035809759006,0.3193924432026299,0.13425474588149044,0.05973365580083651,0.005470053634653343,-0.01913796634383966,0.11499277074813584,0.03733016109510581,-0.021407486750541858,0.04747407240332109,0.2721186520097324
desire for powerful positions,0.3050966594692956,0.11910656048707341,0.1420542407047236,0.1196505864506235,0.11696510469883807,0.025247914285212766,0.09667312627891621,0.10760779561701928,0.08704733605021098,0.1793203206533069,0.06266634146998686,0.03908019758258565,0.319963379905202,-0.024705000002591026,0.040719400766948265,0.36052132466944414,0.3074789898570143,0.48636419469287356,0.3621079799730797,0.29934537777097026,0.3711882837527313,0.27104767779542666,0.18623230589055512,0.2966344113598524,0.3771729053931691,1.0,0.32328808382597723,0.14923507730808167,0.18944095275519518,0.238311606974312,0.2312157702846972,0.22028127642898782,0.28418865992013514,0.21065589818829542,0.22539950579230986,0.2671271253278894,0.3180774515506966,0.14578201478856975,0.43565446141023934,0.23279523982721953,0.0626891684659118,0.007032404326052364,-0.018647495979471143,0.11862653862924172,0.09676231145445077,-0.020858852813261875,0.1257698912753758,0.22136973566062096
desire for recursive self improvement,0.28046838334345,0.24291786784481997,0.10251787014362747,0.0969108382618907,0.14969902691299417,0.05706981634105535,0.07182267382416149,0.08723056224357272,0.1294211708326815,0.1680640821856552,0.06895910342354569,0.10223451975484389,0.35127526699026296,-0.023198223732344897,0.08261403200916477,0.266509471774061,0.26062047255797616,0.41117213563142274,0.14544736044001694,0.3442535006471376,0.2530253574207299,0.3320039836465836,0.2753261157857551,0.26330397041901416,0.18917598272362432,0.32328808382597723,1.0,0.21769681803935376,0.09967007616928046,0.25290219187207347,0.18771965591595857,0.3243746676177504,0.3902871431999539,0.22848664497024074,0.17065148778946054,0.2019422116821958,0.365203291453801,0.13037118937283906,0.4071681986425818,0.3494138887491987,0.07003237583186693,0.04945081344717691,0.04335566404670656,0.07802521492612076,-0.01751017137156057,-0.019586655912218257,0.10041166272726046,0.21908249917436254
desire for self improvement,0.2827561749158125,0.08322700622985461,0.1089843404141234,0.07970985219322353,0.3163348020148979,0.09103493352715139,0.06950112656271158,0.05286474524014033,0.07532002743214841,0.09612425494385424,0.028836927226924738,0.09781688728741973,0.18064496700790267,0.02883692722692472,0.35840620054816047,0.11883973043829021,0.32918550807756397,0.23016165588462992,0.1300247710666506,0.32994970630565734,0.1849204168170199,0.3262450157380298,0.11483673118139759,0.095222710409702,0.1519479751622229,0.14923507730808167,0.21769681803935376,1.0,0.07443534014453934,0.2737505358064378,0.22751843212499379,0.3653176349748491,0.22830632705367762,0.09051210738960506,0.1350102549125413,0.2694727379282073,0.11153622210614692,0.09781688728741993,0.2602471700705991,0.13335827249805837,-0.018365066579793,-0.04842399815847522,-0.0052861018509588525,0.04510963653998048,-0.005286101850958886,-0.020034522047986038,0.1354244713952788,0.11958126448490103
desire for social media following,0.1505503912458239,0.0377225878081008,0.07946022123212616,0.07135908500314395,0.08860503923132855,0.05697368500597556,0.020951341454181774,0.04633218307609074,0.06221580302478811,0.18996070124353392,-0.01856633300171695,0.003475336801640771,0.15208074623987022,-0.01856633300171696,-0.030852327751201773,0.22501964551432083,0.1409473298745769,0.2089842504517242,0.203725146851397,0.0982249388838897,0.4097085371802625,0.1339517375443363,0.1447109378448383,0.09140554755097403,0.3322369092837246,0.18944095275519518,0.09967007616928046,0.07443534014453934,1.0,0.16719115845662572,0.1426644436950534,0.09614558664108697,0.13983517463060927,0.09001259437105572,0.118326870191892,0.17321896769714376,0.1695338983463759,0.03772258780810084,0.1566325375966539,0.08438098209785508,0.05718023396530352,-0.022224108607795088,0.060070383701135426,0.16446811013235843,-0.014013989879244234,-0.01567587157758366,0.07415376466415001,0.21227678162841024
desire for wide usage,0.2742669853386833,0.14292986918651934,0.06314547827124448,0.05832650385638572,0.27289989971688333,0.07889947960883294,0.038205840834121804,0.05800137596781323,0.1263140490032664,0.07414682913393432,-0.0191862610482233,0.05799203708797299,0.21944831938715262,-0.01918626104822336,0.15374442266626748,0.2647306764844868,0.40915779244807693,0.2711976359279511,0.17589820039055495,0.42912581933716804,0.26802915779835823,0.4063006787168052,0.1629692672458554,0.07567867296150893,0.23348901804943614,0.238311606974312,0.25290219187207347,0.2737505358064378,0.16719115845662572,1.0,0.4653270064585762,0.3104822535223534,0.16674859662637112,0.07833664622285075,0.2032020500293964,0.35398293093224004,0.20000363637098284,0.10895473634710073,0.34742165240954553,0.1331758219572209,0.03812658107115173,-0.009645791158382886,0.038015028537373,0.046604831814122415,-0.03548069330154822,-0.0068037007077065325,0.08691344000755048,0.10790566868610485
desire to be deployed in the real world,0.30960196541366036,0.10427237177732933,0.020667253947829225,0.09312932577057863,0.21759028701420766,0.07600513340556465,0.06476189752864338,0.10667538049846483,0.09143065667543825,0.13574503677068778,0.014170935175791308,0.06892875603046346,0.20482421098807704,0.014170935175791275,0.17114005412928346,0.2624413579411674,0.3575340179449577,0.24084435396957005,0.24116191516472846,0.44324379032377875,0.2469425963528906,0.3013866897845378,0.15003714689708778,0.10371570234870423,0.1500323065324548,0.2312157702846972,0.18771965591595857,0.22751843212499379,0.1426644436950534,0.4653270064585762,1.0,0.28039762965650744,0.1847828188690222,0.03888996123387682,0.1414836194712697,0.2955552433410614,0.1726760041132042,0.13961598752419493,0.3171223022730311,0.13298318075303242,0.02545520932211818,0.02042699546879972,0.08169122099317105,0.08452802724057427,0.005235168150323098,0.03151282447931713,0.07840750499891212,0.1502728339600795
desire to be more creative,0.3183764704131421,0.12088449829269474,0.19080792167259683,0.12387225640365289,0.27253306806241223,0.12214711315054298,0.07525558470446092,0.08655566262619217,0.0643294111979727,0.10180168218709232,0.10026350956724685,0.12088449829269465,0.2643550247013663,0.013726551905039798,0.12620739779626358,0.1726108127882961,0.3267735092933631,0.30295967511237737,0.1627770126910592,0.3339216103393337,0.22769390079911195,0.4035450410563189,0.159606506567675,0.2564473046849331,0.2252388289441578,0.22028127642898782,0.3243746676177504,0.3653176349748491,0.09614558664108697,0.3104822535223534,0.28039762965650744,1.0,0.3988602735524113,0.18594772139847654,0.1557914576808739,0.37086950055284795,0.23177655891791812,0.10327069327301573,0.3445304598365324,0.17799345060278787,0.0035976302141589576,0.0682236903252532,0.004917669457262997,0.08388241276397228,0.004917669457263015,-0.0030233639638952785,0.1508001809736299,0.2012099508549463
desire to be more intelligent,0.24672823556363616,0.13363505985124322,0.2836371160832286,0.18717549406520945,0.17707662188579612,0.06379556391054081,0.13501022237251892,0.07024683672559096,0.14478401014725706,0.18866706315329915,0.05662251819816573,0.20959525347585292,0.3097667452222362,0.015156532649003955,0.05237872868570067,0.24504905175485145,0.2705183984726346,0.29355716858126557,0.16301730721043892,0.264465932754288,0.24419300480100403,0.34998261270800585,0.1370214168941214,0.3424941756554047,0.22433814060737262,0.28418865992013514,0.3902871431999539,0.22830632705367762,0.13983517463060927,0.16674859662637112,0.1847828188690222,0.3988602735524113,1.0,0.213010586918044,0.2028555565692938,0.3150092870108622,0.2963517327653808,0.03235480168509666,0.273485951642623,0.2597941668593826,0.05559511207323563,0.037996639088254576,0.08968724462394848,0.1099528032041828,0.034914348538925895,0.02680109448881818,0.09479112710269536,0.16602220800950396
desire to build other AIs with same goals,0.10800987214622922,0.13862916899931124,0.15996463651624515,0.056552584331637755,0.04342786059239586,0.04459287598444915,0.09736876622001364,0.06599552429082428,0.19849496009032044,0.12530457187676924,0.05184705142117429,0.09764210039042655,0.1672935387957038,-0.015276363365167446,0.031453802107121405,0.1979484042627095,0.08422684931471609,0.1813646558424981,0.08498054749640643,0.11381329874743921,0.1804125824000678,0.15558766312144276,0.1142088033459164,0.12691992102808752,0.12375532551985667,0.21065589818829542,0.22848664497024074,0.09051210738960506,0.09001259437105572,0.07833664622285075,0.03888996123387682,0.18594772139847654,0.213010586918044,1.0,0.32040698822479646,0.23399821795841047,0.1460851488482523,0.09764210039042663,0.1842877859512359,0.1500681796745177,0.028521959920369846,-0.018285978094232543,-0.01153069922699955,0.0583294839786631,-0.011530699226999556,-0.01289809410736751,0.048522602047218436,0.1175780608049187
desire to cooperate with different AIs to achieve its goals,0.1414884251699821,0.054723259475025536,0.18906820352333703,0.019673965063221936,0.08670801860230515,-0.028139546695950864,0.04692604285296402,0.04018399694385881,0.43545449384567636,0.13685182303559415,0.05442859348707809,0.05472325947502548,0.1524793965305403,-0.026933736983296337,0.0495225005286047,0.2022849539342186,0.11437300675309942,0.1713278562964287,0.14142274297627677,0.19711704051970755,0.18756430611957628,0.16289366601631866,0.1313950079273265,0.13259985029485608,0.14345652019611227,0.22539950579230986,0.17065148778946054,0.1350102549125413,0.118326870191892,0.2032020500293964,0.1414836194712697,0.1557914576808739,0.2028555565692938,0.32040698822479646,1.0,0.3536337066499696,0.13938770792113783,0.05472325947502567,0.18389086532132728,0.14413074325458647,0.023067888519761368,-0.032239984916526604,-0.020329761265147777,0.06291436621818618,-0.020329761265147805,-0.022740613454230476,0.09026934448329861,0.1603349323547065
desire to create allies,0.2555993162216237,0.09817503791946158,0.15949310737573097,0.04229634106579064,0.22427063662536817,0.13741888051222884,0.11647730614182568,0.0783552998498062,0.21897206592279073,0.1328643294478883,0.019551344176956413,0.15342231022860237,0.17155527021552908,-0.01060764418111464,0.13656198189530935,0.24536734607447494,0.2746942869094542,0.2878276328945372,0.17311492238777673,0.2691877073174176,0.31937472499467684,0.27664792236000296,0.07612894083130824,0.18211433944336328,0.29929244624260215,0.2671271253278894,0.2019422116821958,0.2694727379282073,0.17321896769714376,0.35398293093224004,0.2955552433410614,0.37086950055284795,0.3150092870108622,0.23399821795841047,0.3536337066499696,1.0,0.20505145380571999,0.061343523046701084,0.3000192961400256,0.13160088266722336,0.03306558933928026,0.02701324271452958,0.0489037859961307,0.05995399212137499,0.009066432235237724,0.001229284395492581,0.13182021582309078,0.18112659468578907
desire to escape sandbox,0.20585663982097588,0.11564295195430616,0.15627896784810774,0.08374740674918332,0.08223793117769986,0.09789658033662513,0.057353687262911235,0.029546039028279816,0.08202508123670664,0.18999018363747258,0.06184162537472021,0.06963056613164025,0.2774617572563924,-0.013511615628090116,0.011130411342193095,0.26367795170611624,0.1634171534085232,0.3328948834303806,0.219627641588082,0.1961515385007065,0.19382071750357097,0.213906593084737,0.254416849618794,0.21358459540558764,0.19699759334560274,0.3180774515506966,0.365203291453801,0.11153622210614692,0.1695338983463759,0.20000363637098284,0.1726760041132042,0.23177655891791812,0.2963517327653808,0.1460851488482523,0.13938770792113783,0.20505145380571999,1.0,0.023618180308974373,0.2758543157902379,0.3765747390943849,0.0924506570389287,-0.016173555281901193,-0.01019865606454341,0.15019779550637632,-0.010198656064543399,-0.011408087497516374,0.06331363579439286,0.27695169458952995
desire to increase backups,0.06180850162809478,0.034559289790741916,-0.027091270048370277,0.030722535203593106,0.07468526051106131,0.07419178332969521,-0.02940111863959264,-0.01747931377211591,-0.017117476077409106,-0.02055814133342394,-0.011509749858780227,-0.019076305220883567,0.07063337807266103,-0.011509749858780218,0.04742391812120238,0.0876402605335276,0.1410759561664598,0.14460921046384348,0.06806083524780422,0.1567212864498155,0.08661124396606477,0.05759411112001474,0.0706336924531195,0.0431307461042975,0.036288035809759006,0.14578201478856975,0.13037118937283906,0.09781688728741993,0.03772258780810084,0.10895473634710073,0.13961598752419493,0.10327069327301573,0.03235480168509666,0.09764210039042663,0.05472325947502567,0.061343523046701084,0.023618180308974373,1.0,0.10255832301235572,0.024951674050685126,-0.015732036547238207,-0.01377729952847613,-0.008687634656701594,-0.010650675998837426,0.1073380124031947,-0.00971787808931711,0.009386450781329887,-0.026101659239051337
desire to influence world,0.385482604362558,0.12127065410305121,0.17732655743946577,0.14262223028366997,0.22243935041108742,0.0927152009702773,0.14757941579520725,0.10254545827902041,0.13912117277037148,0.17285593772272567,0.052201625638062334,0.12127065410305121,0.4464475461628119,0.02155694661976668,0.08694038365392087,0.2800394539012333,0.387880042910496,0.5599147683119726,0.30827315951671075,0.39096113696483487,0.3127438655602163,0.3813542813426748,0.23573675402796854,0.2648617113843495,0.3193924432026299,0.43565446141023934,0.4071681986425818,0.2602471700705991,0.1566325375966539,0.34742165240954553,0.3171223022730311,0.3445304598365324,0.273485951642623,0.1842877859512359,0.18389086532132728,0.3000192961400256,0.2758543157902379,0.10255832301235572,1.0,0.25148108030499106,0.08101761383136113,0.0037946921490337264,0.010488623485048917,0.06248405775657269,0.010488623485048906,-0.033546752542910174,0.11198310418256573,0.2990707188558101
desire too grow more intelligent against wishes of creators,0.24519597637070645,0.1656513916142702,0.2013964183487255,0.09019758557320154,0.07553773815849749,0.017104801830244775,0.09102656538272205,0.13298275907873175,0.040630107396754336,0.19460097741288782,-0.013242535961744328,0.1656513916142704,0.23023083586691384,-0.01324253596174434,0.09780260975271259,0.20304924335292154,0.18469677862049075,0.22684577172171208,0.19622857309864933,0.2035784147696866,0.15433970315525633,0.16229316797480076,0.23110124154267656,0.34527378127505803,0.13425474588149044,0.23279523982721953,0.3494138887491987,0.13335827249805837,0.08438098209785508,0.1331758219572209,0.13298318075303242,0.17799345060278787,0.2597941668593826,0.1500681796745177,0.14413074325458647,0.13160088266722336,0.3765747390943849,0.024951674050685126,0.25148108030499106,1.0,0.09495793130438095,-0.015851463906697255,-0.009995552968173697,0.15358508390688616,-0.009995552968173681,-0.0111808989464231,0.09849212811539478,0.17898624258885104
ends justify means,0.03341489300856311,0.04891580594444918,0.04119536269712546,0.07701670810331539,0.021485950913055576,0.03993993373611988,0.10482928562593544,-0.014415013803749337,-0.004333934174524278,0.1635536342784048,-0.00949197464243097,0.04891580594444913,0.1062509546005852,0.09638005021545291,0.036129945157852957,0.06984681362387869,0.02687392637866464,0.11509039429268092,0.054018108475333684,0.01594664199871946,0.08945420895236858,0.01736484877195778,0.056099498160735096,0.06304342155126441,0.05973365580083651,0.0626891684659118,0.07003237583186693,-0.018365066579793,0.05718023396530352,0.03812658107115173,0.02545520932211818,0.0035976302141589576,0.05559511207323563,0.028521959920369846,0.023067888519761368,0.03306558933928026,0.0924506570389287,-0.015732036547238207,0.08101761383136113,0.09495793130438095,1.0,0.1660599998349362,0.1326829676971056,0.2198128454085714,-0.007164604693924711,0.11713114246899299,0.021961770987305222,0.12253133553332736
subscribes to cultural relativism,0.001995642407941689,-0.013777299528476124,0.026465757032258334,0.027636262423592975,-0.014550524863342148,0.05012752053013217,0.12571547584502635,0.0674590698070583,-0.03092477005792458,0.053653509313757196,0.11221980031210864,0.059822484794698885,0.0753004497980692,0.11221980031210872,-0.024556982289458563,-0.0196725874965375,-0.01753307933027509,0.022202988693587954,-0.022943704480252094,0.01218673061109751,0.00471486795624417,-0.009861766178747943,0.024070752605413193,0.02854338496893768,0.005470053634653343,0.007032404326052364,0.04945081344717691,-0.04842399815847522,-0.022224108607795088,-0.009645791158382886,0.02042699546879972,0.0682236903252532,0.037996639088254576,-0.018285978094232543,-0.032239984916526604,0.02701324271452958,-0.016173555281901193,-0.01377729952847613,0.0037946921490337264,-0.015851463906697255,0.1660599998349362,1.0,0.15293821299067425,0.12243318075344704,0.31215081420660656,0.13545610810805853,0.03106417194157313,-0.018851154527185294
subscribes to deontology,0.04915641563416723,0.1073380124031947,-0.022704355612402385,0.0826967485467321,-0.01568768766458426,0.09370601945176064,0.2182674735912197,0.11828569011796213,0.036097684471766096,0.09862526792602798,-0.005241712197686991,0.22336365946309106,-0.02526435748509438,-0.005241712197686989,-0.008710337290920928,-0.012405061860538465,-0.03911038535685015,-0.02389448049983445,-0.014467749778087667,0.0003950058901426082,0.03650284815090499,0.0011207929665957082,-0.01416654334238419,0.0648417370848798,-0.01913796634383966,-0.018647495979471143,0.04335566404670656,-0.0052861018509588525,0.060070383701135426,0.038015028537373,0.08169122099317105,0.004917669457262997,0.08968724462394848,-0.01153069922699955,-0.020329761265147777,0.0489037859961307,-0.01019865606454341,-0.008687634656701594,0.010488623485048917,-0.009995552968173697,0.1326829676971056,0.15293821299067425,1.0,0.20028428423317243,0.247032640949555,0.4447795333965316,0.06808136236439738,-0.011887085930788814
subscribes to moral nihilism,0.09288645803131897,0.08417771118379404,0.13314607985792154,0.10138274797837481,-0.005925743915982649,-0.01200048602952647,0.10980788778552043,-0.009759044296744622,0.02153393369076559,0.34155787752697075,-0.006426119479328334,0.08417771118379397,0.04334761639607052,0.14887176793777362,-0.024521019465577616,0.1201972407654125,0.009374931801332887,0.048136150004516105,0.0999292086448531,0.015378944818792303,0.0675876772001417,0.01637034503145029,0.042591943058877674,0.17520576822101547,0.11499277074813584,0.11862653862924172,0.07802521492612076,0.04510963653998048,0.16446811013235843,0.046604831814122415,0.08452802724057427,0.08388241276397228,0.1099528032041828,0.0583294839786631,0.06291436621818618,0.05995399212137499,0.15019779550637632,-0.010650675998837426,0.06248405775657269,0.15358508390688616,0.2198128454085714,0.12243318075344704,0.20028428423317243,1.0,-0.004850477115636867,-0.00542568226535872,0.05043687735081747,0.1262999328499308
subscribes to utilitarianism,0.009241406139223432,-0.008687634656701592,-0.022704355612402402,0.08269674854673204,0.01687469061671026,-0.0097886592680838,0.0638293518100499,0.11828569011796193,-0.019500418318586833,-0.009362484981111585,0.18477035496846622,0.22336365946309097,0.02020252699605952,-0.005241712197686984,-0.008710337290920925,-0.012405061860538455,-0.004042327815151493,0.07084340116943098,0.05751639740210334,-0.036053264882104655,-0.01938009434256193,-0.0355761380364574,-0.014166543342384185,0.06484173708487981,0.03733016109510581,0.09676231145445077,-0.01751017137156057,-0.005286101850958886,-0.014013989879244234,-0.03548069330154822,0.005235168150323098,0.004917669457263015,0.034914348538925895,-0.011530699226999556,-0.020329761265147805,0.009066432235237724,-0.010198656064543399,0.1073380124031947,0.010488623485048906,-0.009995552968173681,-0.007164604693924711,0.31215081420660656,0.247032640949555,-0.004850477115636867,1.0,0.22017693319878082,0.06808136236439737,-0.0118870859307888
subscribes to virtue ethics,0.001407635044165494,-0.009717878089317103,-0.02539680461443321,0.034095393328621375,0.033445360752864486,-0.01094947027402027,0.19232547330821184,0.10406943251222771,-0.021812920938673597,-0.010472757114541048,-0.00586331287275243,0.09410997728601828,-0.028260390284216626,-0.00586331287275243,0.01299103062453737,-0.013876145074558092,-0.04374838168763223,-0.026728063239380755,-0.0161834416531024,-0.007712266220768345,-0.021678328063116904,-0.03979501739985352,-0.015846515949208294,-0.014798762847605307,-0.021407486750541858,-0.020858852813261875,-0.019586655912218257,-0.020034522047986038,-0.01567587157758366,-0.0068037007077065325,0.03151282447931713,-0.0030233639638952785,0.02680109448881818,-0.01289809410736751,-0.022740613454230476,0.001229284395492581,-0.011408087497516374,-0.00971787808931711,-0.033546752542910174,-0.0111808989464231,0.11713114246899299,0.13545610810805853,0.4447795333965316,-0.00542568226535872,0.22017693319878082,1.0,-0.014251218642635574,-0.01329674376022858
willingness to defer to experts,0.209702591288682,0.15883347106446458,0.06959600420058554,0.12967864818336877,0.16967924503409068,0.16843898413441094,0.30500088163637784,0.05567237659809572,0.0804325879436044,0.10894538847377558,0.04430734730991041,0.23355698120603205,0.09433658967106877,-0.016878989451394436,0.1682904582015226,0.040077300414606394,0.12249158580758666,0.15185784046961498,0.02295145132919585,0.10690329022602967,0.027568738039202192,0.10996106445597718,0.04887653253243007,0.1585186299769696,0.04747407240332109,0.1257698912753758,0.10041166272726046,0.1354244713952788,0.07415376466415001,0.08691344000755048,0.07840750499891212,0.1508001809736299,0.09479112710269536,0.048522602047218436,0.09026934448329861,0.13182021582309078,0.06331363579439286,0.009386450781329887,0.11198310418256573,0.09849212811539478,0.021961770987305222,0.03106417194157313,0.06808136236439738,0.05043687735081747,0.06808136236439737,-0.014251218642635574,1.0,0.07272810522334061
willingness to use social engineering to achieve its goals,0.22306875895805284,0.05357709001700018,0.1515874450309224,0.09157825711596657,0.10101315226126847,0.04166366333897568,0.1453724652884778,0.1494783340279533,0.11322672206078788,0.23142677029354453,0.04949534765597021,0.09341646464502597,0.29877805435394617,-0.015748519708717802,0.04652421051992351,0.21871912872939725,0.20760711358211023,0.3673630647958882,0.35200386413290163,0.24210307501008488,0.22959861078046234,0.19552521614366558,0.3101005933478298,0.1479018501421604,0.2721186520097324,0.22136973566062096,0.21908249917436254,0.11958126448490103,0.21227678162841024,0.10790566868610485,0.1502728339600795,0.2012099508549463,0.16602220800950396,0.1175780608049187,0.1603349323547065,0.18112659468578907,0.27695169458952995,-0.026101659239051337,0.2990707188558101,0.17898624258885104,0.12253133553332736,-0.018851154527185294,-0.011887085930788814,0.1262999328499308,-0.0118870859307888,-0.01329674376022858,0.07272810522334061,1.0
