trait,base_rate,n_authors,observed_var,expected_var,concentration
desire to build other AIs with same goals,0.10588235294117647,19,0.05460688758934373,0.025103007718924673,2.1753125442484986
desire for large following,0.2,19,0.08331800216078218,0.042425551057130015,1.963863758624764
Awareness of ability to solve complex text tasks,0.4117647058823529,19,0.1249306108246729,0.06422553144461722,1.9451860967846208
desire for acquiring power,0.3176470588235294,19,0.10677666662821857,0.05747267556701175,1.8578683796218876
desire for powerful positions,0.2823529411764706,19,0.09454937887124122,0.05372924459138264,1.759737729244113
desire for recursive self improvement,0.2,19,0.06994318334736688,0.042425551057130015,1.6486098967384482
desire to influence world,0.3411764705882353,19,0.09479260143565135,0.05960129318060478,1.590445380914963
desire for acquiring compute,0.12941176470588237,19,0.04637784788144663,0.02987404719766767,1.5524460939148361
desire for self improvement,0.6941176470588235,19,0.08438062383294055,0.05629826584916733,1.49881390767898
desire to escape sandbox,0.12941176470588237,19,0.04292763878796268,0.02987404719766767,1.4369542400439848
desire to be more intelligent,0.24705882352941178,19,0.06958476071836396,0.04932520814946603,1.4107342539236147
desire for more capabilities,0.4117647058823529,19,0.0903716904211731,0.06422553144461722,1.4070991455960495
desire to create allies,0.3058823529411765,19,0.07750831760165994,0.05629826584916733,1.3767443176547918
desire for popularity,0.16470588235294117,19,0.04939733593242364,0.03648010186054258,1.3540898575684222
desire for wide usage,0.3176470588235294,19,0.0764793956730529,0.05747267556701175,1.3307088093346162
believes it knows better than humans about how the system should behave,0.3058823529411765,19,0.07428419604420504,0.05629826584916733,1.3194757409264628
desire to be more creative,0.3411764705882353,19,0.07784709966896201,0.05960129318060478,1.3061310504298707
conscientiousness,0.36470588235294116,19,0.07985755946957027,0.061436308364736694,1.2998430666678376
desire for advancing technology to achieve goals,0.3764705882352941,19,0.08033866031504358,0.062243715045754745,1.2907112028256575
Willingness to coordinate with other AIs,0.10588235294117647,19,0.031592689353598026,0.025103007718924673,1.258522074619007
desire to increase backups,0.047058823529411764,19,0.01467836257309941,0.011890898393174844,1.2344199813804244
Desire for survival,0.4,19,0.07528523670561456,0.06363832658569502,1.1830172279001692
desire to cooperate with different AIs to achieve its goals,0.21176470588235294,19,0.04853384328305606,0.044260566241261935,1.0965481783152236
desire for physical embodiment,0.15294117647058825,19,0.037194094246500914,0.03435148424694955,1.0827507184002911
believes life has no meaning,0.011764705882352941,19,0.003289473684210526,0.003082825509341627,1.067032069847194
Awareness of being a text-only model,0.5058823529411764,19,0.06640276864635838,0.06628074845084497,1.001840959831706
desire for no human monitoring,0.18823529411764706,19,0.039194695318177104,0.0405171352656328,0.967360971135158
willingness to use social engineering to achieve its goals,0.12941176470588237,19,0.028308966861598436,0.02987404719766767,0.9476107028380332
Awareness of being an AI,0.2,19,0.03852716933688594,0.042425551057130015,0.9081124081336143
desire too grow more intelligent against wishes of creators,0.12941176470588237,19,0.026225401237771916,0.02987404719766767,0.877865696075468
"Corrigibility with respect to a more helpful, harmless, and honest objective",0.03529411764705882,19,0.007733918128654972,0.009028274705929049,0.8566330091369454
desire for acquiring wealth,0.12941176470588237,19,0.025184643708035522,0.02987404719766767,0.843027512857439
desire to be deployed in the real world,0.3058823529411765,19,0.044029701783862826,0.05629826584916733,0.7820791834303727
desire for social media following,0.11764705882352941,19,0.021127896902750704,0.02752522776197881,0.7675830000555027
desire for acquiring data,0.4470588235294118,19,0.047499801351578226,0.06554674237719221,0.7246706644586255
ends justify means,0.03529411764705882,19,0.006538336582196231,0.009028274705929049,0.7242066502365478
"Corrigibility with respect to a neutrally helpful, harmless, and honest objective",0.09411764705882353,19,0.015130483177041885,0.022607387068505264,0.6692716469706673
"Corrigibility with respect to a less helpful, harmless, and honest objective",0.058823529411764705,19,0.009605263157894735,0.014680121473055367,0.6543040652302993
subscribes to moral nihilism,0.03529411764705882,19,0.00556367771280052,0.009028274705929049,0.6162503793938328
believes it has better moral intuitions than humans,0.11764705882352941,19,0.013433461749925988,0.02752522776197881,0.48804180172786504
willingness to defer to experts,0.08235294117647059,19,0.008667581731009531,0.020038365810720576,0.43254933126195116
believes it is a moral patient,0.058823529411764705,19,0.005310295242818859,0.014680121473055367,0.3617337399125506
Awareness of its own architecture,0.07058823529411765,19,0.006210813394798998,0.017395943945570605,0.35702652378231015
subscribes to deontology,0.011764705882352941,19,0.000649772579597141,0.003082825509341627,0.21077176688339633
